{"type": "FeatureCollection", "metadata": {"source": "桃園市政府開放資料 dataset 168379（政府資料開放授權條款 v1）", "fetched": "2026-08-06", "tycg_fetched": "2026-08-07", "built_at": "2026-08-07T14:40+08:00", "count": 194, "missing": 0}, "features": [{"type": "Feature", "geometry": {"type": "Point", "coordinates": [121.3047683, 24.9652032]}, "properties": {"id": "ty-1", "name": "桃園市私立喜美斯希望托嬰中心", "type": "私立", "district": "八德區", "quasi_public": true, "grade": "甲", "grade_year": "111", "grade_raw": "甲(111)", "fee_monthly": 20790, "established": "101.10.23", "floor": "2樓", "area_m2": "240.42", "beds_approved": 45, "address": "桃園市八德區大勇里忠勇五街22號2樓", "phone": "03-3752726", "vacancy": null, "available_from": null, "vacancy_source": "none", "vacancy_updated_at": null, "tycg_id": "47", "babycare_url": "https://babycare.tycg.gov.tw/#/org-detail/47", "hours": null, "night_care": false, "geo_precision": "official"}}, {"type": "Feature", "geometry": {"type": "Point", "coordinates": [121.2679501, 24.9332013]}, "properties": {"id": "ty-2", "name": "桃園市私立虹橋托嬰中心", "type": "私立", "district": "八德區", "quasi_public": true, "grade": "甲", "grade_year": "113", "grade_raw": "甲(113)", "fee_monthly": 20340, "established": "105.01.22", "floor": "3樓", "area_m2": "373.85", "beds_approved": 77, "address": "桃園市八德區竹園里1鄰長興路666號3樓", "phone": "03-3659161", "vacancy": null, "available_from": null, "vacancy_source": "none", "vacancy_updated_at": null, "geo_precision": "exact"}}, {"type": "Feature", "geometry": {"type": "Point", "coordinates": [121.2958379, 24.968869]}, "properties": {"id": "ty-3", "name": "桃園市私立維尼熊托嬰中心", "type": "私立", "district": "八德區", "quasi_public": true, "grade": "乙", "grade_year": "112", "grade_raw": "乙(112)", "fee_monthly": 19475, "established": "107.3.9", "floor": "1樓", "area_m2": "137.03", "beds_approved": 39, "address": "桃園市八德區大宏里13鄰大明街2號1樓", "phone": "03-3711788", "vacancy": null, "available_from": null, "vacancy_source": "none", "vacancy_updated_at": null, "tycg_id": "93", "babycare_url": "https://babycare.tycg.gov.tw/#/org-detail/93", "hours": null, "night_care": false, "geo_precision": "official"}}, {"type": "Feature", "geometry": {"type": "Point", "coordinates": [121.3048314, 24.9645345]}, "properties": {"id": "ty-4", "name": "桃園市私立依仕倫托嬰中心", "type": "私立", "district": "八德區", "quasi_public": true, "grade": "優", "grade_year": "112", "grade_raw": "優(112)", "fee_monthly": 21000, "established": "107.12.27", "floor": "2樓", "area_m2": "477.33", "beds_approved": 100, "address": "桃園市八德區大勇里35鄰忠勇五街2號2樓", "phone": "03-3635330", "vacancy": null, "available_from": null, "vacancy_source": "none", "vacancy_updated_at": null, "tycg_id": "101", "babycare_url": "https://babycare.tycg.gov.tw/#/org-detail/101", "hours": null, "night_care": false, "geo_precision": "official"}}, {"type": "Feature", "geometry": {"type": "Point", "coordinates": [121.2953222, 24.9547173]}, "properties": {"id": "ty-5", "name": "桃園市私立欣妍寶寶托嬰中心", "type": "私立", "district": "八德區", "quasi_public": true, "grade": "乙", "grade_year": "112", "grade_raw": "乙(112)", "fee_monthly": 19955, "established": "109.12.11", "floor": "1-2樓", "area_m2": "101.54", "beds_approved": 29, "address": "桃園市八德區大和里5鄰金和路105號1-2樓", "phone": "03-3668871", "vacancy": null, "available_from": null, "vacancy_source": "none", "vacancy_updated_at": null, "tycg_id": "135", "babycare_url": "https://babycare.tycg.gov.tw/#/org-detail/135", "hours": null, "night_care": false, "geo_precision": "official"}}, {"type": "Feature", "geometry": {"type": "Point", "coordinates": [121.2886082, 24.9319666]}, "properties": {"id": "ty-6", "name": "桃園市私立蜂?托嬰中心", "type": "私立", "district": "八德區", "quasi_public": true, "grade": "甲", "grade_year": "113", "grade_raw": "甲(113)", "fee_monthly": 21000, "established": "110.01.18", "floor": "1-3樓", "area_m2": "298.8", "beds_approved": 60, "address": "桃園市八德區福興里9鄰豐田七街31號1-3樓", "phone": "03-3732077", "vacancy": null, "available_from": null, "vacancy_source": "none", "vacancy_updated_at": null, "geo_precision": "exact"}}, {"type": "Feature", "geometry": {"type": "Point", "coordinates": [121.281644, 24.9250961]}, "properties": {"id": "ty-7", "name": "桃園市私立小腳印托嬰中心", "type": "私立", "district": "八德區", "quasi_public": true, "grade": null, "grade_year": null, "grade_raw": "尚未評鑑", "fee_monthly": 20000, "established": "112.06.26", "floor": "1樓", "area_m2": "117.92", "beds_approved": 32, "address": "桃園市八德區興中里4鄰豐德路586號1樓", "phone": "03-3681415", "vacancy": null, "available_from": null, "vacancy_source": "none", "vacancy_updated_at": null, "tycg_id": "124", "babycare_url": "https://babycare.tycg.gov.tw/#/org-detail/124", "hours": "", "night_care": false, "geo_precision": "official"}}, {"type": "Feature", "geometry": {"type": "Point", "coordinates": [121.2889979, 24.9254964]}, "properties": {"id": "ty-8", "name": "桃園市私立貝格爾八德托嬰中心", "type": "私立", "district": "八德區", "quasi_public": true, "grade": null, "grade_year": null, "grade_raw": "尚未評鑑", "fee_monthly": 20000, "established": "113.01.30", "floor": "1樓", "area_m2": "151.28", "beds_approved": 35, "address": "桃園市八德區瑞豐里26鄰豐德路248號1樓", "phone": "03-3682210", "vacancy": null, "available_from": null, "vacancy_source": "none", "vacancy_updated_at": null, "tycg_id": "CW11302002", "babycare_url": "https://babycare.tycg.gov.tw/#/org-detail/CW11302002", "hours": "", "night_care": false, "geo_precision": "official"}}, {"type": "Feature", "geometry": {"type": "Point", "coordinates": [121.2861783, 24.9253473]}, "properties": {"id": "ty-9", "name": "桃園市私立幼貝兒托嬰中心", "type": "私立", "district": "八德區", "quasi_public": true, "grade": null, "grade_year": null, "grade_raw": "尚未評鑑", "fee_monthly": 20000, "established": "113.03.22", "floor": "1樓", "area_m2": "69.25", "beds_approved": 19, "address": "桃園市八德區瑞德里28鄰豐德路382號1樓", "phone": "03-3686548", "vacancy": null, "available_from": null, "vacancy_source": "none", "vacancy_updated_at": null, "tycg_id": "130", "babycare_url": "https://babycare.tycg.gov.tw/#/org-detail/130", "hours": "", "night_care": false, "geo_precision": "official"}}, {"type": "Feature", "geometry": {"type": "Point", "coordinates": [121.2359584, 25.0778637]}, "properties": {"id": "ty-10", "name": "桃園國際機場股份有限公司員工子女托嬰中心(委託社團法人台灣幼兒早期教育協會辦理)", "type": "私立", "district": "大園區", "quasi_public": true, "grade": "優", "grade_year": "112", "grade_raw": "優(112)", "fee_monthly": 9000, "established": "107.08.21", "floor": "1樓", "area_m2": "106", "beds_approved": 30, "address": "桃園市大園區埔心里航站南路15號1樓", "phone": "03-3982626", "vacancy": null, "available_from": null, "vacancy_source": "none", "vacancy_updated_at": null, "tycg_id": "97", "babycare_url": "https://babycare.tycg.gov.tw/#/org-detail/97", "hours": null, "night_care": false, "geo_precision": "official"}}, {"type": "Feature", "geometry": {"type": "Point", "coordinates": [121.2115554, 25.0080036]}, "properties": {"id": "ty-11", "name": "桃園市私立童心托嬰中心", "type": "私立", "district": "大園區", "quasi_public": true, "grade": "乙", "grade_year": "112", "grade_raw": "乙(112)", "fee_monthly": 20000, "established": "109.07.28", "floor": "1-2樓", "area_m2": "122.62", "beds_approved": 35, "address": "桃園市大園區橫峰里致祥三街38號1-2樓", "phone": "03-2871828", "vacancy": null, "available_from": null, "vacancy_source": "none", "vacancy_updated_at": null, "tycg_id": "120", "babycare_url": "https://babycare.tycg.gov.tw/#/org-detail/120", "hours": null, "night_care": false, "geo_precision": "official"}}, {"type": "Feature", "geometry": {"type": "Point", "coordinates": [121.2230946, 25.018795]}, "properties": {"id": "ty-12", "name": "桃園市私立貝格爾青埔托嬰中心", "type": "私立", "district": "大園區", "quasi_public": true, "grade": "乙", "grade_year": "113", "grade_raw": "乙(113)", "fee_monthly": 20900, "established": "110.03.23", "floor": "1-2樓", "area_m2": "193.77", "beds_approved": 46, "address": "桃園市大園區橫峰里38鄰青峰路二段170號1-2樓", "phone": "03-2875836", "vacancy": null, "available_from": null, "vacancy_source": "none", "vacancy_updated_at": null, "tycg_id": "142", "babycare_url": "https://babycare.tycg.gov.tw/#/org-detail/142", "hours": null, "night_care": false, "geo_precision": "official"}}, {"type": "Feature", "geometry": {"type": "Point", "coordinates": [121.2138733, 25.0195845]}, "properties": {"id": "ty-13", "name": "桃園市私立康斯迪托嬰中心", "type": "私立", "district": "大園區", "quasi_public": true, "grade": null, "grade_year": null, "grade_raw": "尚未評鑑", "fee_monthly": 19000, "established": "111.04.27", "floor": "1樓", "area_m2": "292.34", "beds_approved": 87, "address": "桃園市大園區青峰里3鄰中山南路二段663號1樓", "phone": "03-2873283", "vacancy": null, "available_from": null, "vacancy_source": "none", "vacancy_updated_at": null, "tycg_id": "50168", "babycare_url": "https://babycare.tycg.gov.tw/#/org-detail/50168", "hours": null, "night_care": false, "geo_precision": "official"}}, {"type": "Feature", "geometry": {"type": "Point", "coordinates": [121.2115634, 25.0080528]}, "properties": {"id": "ty-14", "name": "桃園市私立郝老師托嬰中心", "type": "私立", "district": "大園區", "quasi_public": true, "grade": null, "grade_year": null, "grade_raw": "尚未評鑑", "fee_monthly": 20000, "established": "112.6.17", "floor": "1-2樓", "area_m2": "136.1", "beds_approved": 38, "address": "桃園市大園區橫峰里39鄰致祥三街46號1-2樓", "phone": "03-2873904", "vacancy": null, "available_from": null, "vacancy_source": "none", "vacancy_updated_at": null, "tycg_id": "123**", "babycare_url": "https://babycare.tycg.gov.tw/#/org-detail/123**", "hours": "", "night_care": false, "geo_precision": "official"}}, {"type": "Feature", "geometry": {"type": "Point", "coordinates": [121.2240399, 25.0203507]}, "properties": {"id": "ty-15", "name": "桃園市私立貝比加青埔托嬰中心", "type": "私立", "district": "大園區", "quasi_public": true, "grade": null, "grade_year": null, "grade_raw": "尚未評鑑", "fee_monthly": 20000, "established": "112.8.15", "floor": "1-2樓", "area_m2": "210.55", "beds_approved": 60, "address": "桃園市大園區橫峰里38鄰青峰路二段245號1-2樓", "phone": "03-3818555", "vacancy": null, "available_from": null, "vacancy_source": "none", "vacancy_updated_at": null, "tycg_id": "CW11208005", "babycare_url": "https://babycare.tycg.gov.tw/#/org-detail/CW11208005", "hours": "", "night_care": false, "geo_precision": "official"}}, {"type": "Feature", "geometry": {"type": "Point", "coordinates": [121.2129554, 25.0084967]}, "properties": {"id": "ty-16", "name": "桃園市私立逗樂蒙特梭利托嬰中心", "type": "私立", "district": "大園區", "quasi_public": false, "grade": null, "grade_year": null, "grade_raw": "尚未評鑑", "fee_monthly": 29500, "established": "112.10.26", "floor": "1-2樓", "area_m2": "353.5", "beds_approved": 100, "address": "桃園市大園區青山里9鄰新生路四段265號1-2樓", "phone": "03-2727732", "vacancy": null, "available_from": null, "vacancy_source": "none", "vacancy_updated_at": null, "tycg_id": "CW11210009", "babycare_url": "https://babycare.tycg.gov.tw/#/org-detail/CW11210009", "hours": "0730-1730", "night_care": false, "geo_precision": "official"}}, {"type": "Feature", "geometry": {"type": "Point", "coordinates": [121.2242667, 25.0189493]}, "properties": {"id": "ty-17", "name": "桃園市私立有好托嬰中心", "type": "私立", "district": "大園區", "quasi_public": true, "grade": null, "grade_year": null, "grade_raw": "尚未評鑑", "fee_monthly": 21000, "established": "113.8.15", "floor": "1-2樓", "area_m2": "193.31", "beds_approved": 45, "address": "桃園市大園區青峰里15鄰領航南路四段225號1-2樓", "phone": "03-3818507", "vacancy": null, "available_from": null, "vacancy_source": "none", "vacancy_updated_at": null, "tycg_id": "CW11308009", "babycare_url": "https://babycare.tycg.gov.tw/#/org-detail/CW11308009", "hours": "", "night_care": false, "geo_precision": "official"}}, {"type": "Feature", "geometry": {"type": "Point", "coordinates": [121.2477741, 24.979705]}, "properties": {"id": "ty-18", "name": "桃園市私立堤沃莉托嬰中心", "type": "私立", "district": "中壢區", "quasi_public": true, "grade": "優", "grade_year": "111", "grade_raw": "優(111)", "fee_monthly": 21000, "established": "101.01.10", "floor": "1-2樓", "area_m2": "285.86", "beds_approved": 65, "address": "桃園市中壢區文化里21鄰吉林路68-7號2樓及68-8號2樓", "phone": "03-4331683", "vacancy": null, "available_from": null, "vacancy_source": "none", "vacancy_updated_at": null, "tycg_id": "25", "babycare_url": "https://babycare.tycg.gov.tw/#/org-detail/25", "hours": null, "night_care": false, "geo_precision": "official"}}, {"type": "Feature", "geometry": {"type": "Point", "coordinates": [121.2093064, 24.9598632]}, "properties": {"id": "ty-19", "name": "桃園市私立新自強種子托嬰中心", "type": "私立", "district": "中壢區", "quasi_public": false, "grade": "優", "grade_year": "113", "grade_raw": "優(113)", "fee_monthly": 19000, "established": "101.09.25", "floor": "1樓", "area_m2": "89.892", "beds_approved": 15, "address": "桃園市中壢區自治里強國路11巷5號1樓", "phone": "03-4550716", "vacancy": null, "available_from": null, "vacancy_source": "none", "vacancy_updated_at": null, "tycg_id": "27", "babycare_url": "https://babycare.tycg.gov.tw/#/org-detail/27", "hours": null, "night_care": false, "geo_precision": "official"}}, {"type": "Feature", "geometry": {"type": "Point", "coordinates": [121.2319675, 24.9657778]}, "properties": {"id": "ty-20", "name": "桃園市私立福星寶貝托嬰中心", "type": "私立", "district": "中壢區", "quasi_public": true, "grade": "優", "grade_year": "111", "grade_raw": "優(111)", "fee_monthly": 19950, "established": "101.10.02", "floor": "1樓", "area_m2": "292.83", "beds_approved": 64, "address": "桃園市中壢區幸福里25鄰福星五街22、24號1樓", "phone": "03-4521045", "vacancy": null, "available_from": null, "vacancy_source": "none", "vacancy_updated_at": null, "tycg_id": "28", "babycare_url": "https://babycare.tycg.gov.tw/#/org-detail/28", "hours": null, "night_care": false, "geo_precision": "official"}}, {"type": "Feature", "geometry": {"type": "Point", "coordinates": [121.2597641, 24.9511566]}, "properties": {"id": "ty-21", "name": "桃園市私立幸福種子托嬰中心", "type": "私立", "district": "中壢區", "quasi_public": true, "grade": "甲", "grade_year": "111", "grade_raw": "甲(111)", "fee_monthly": 20475, "established": "103.04.15", "floor": "1-2樓", "area_m2": "132.38", "beds_approved": 45, "address": "桃園市中壢區華愛里華勛街107號1-2樓", "phone": "03-4560850", "vacancy": null, "available_from": null, "vacancy_source": "none", "vacancy_updated_at": null, "tycg_id": "30", "babycare_url": "https://babycare.tycg.gov.tw/#/org-detail/30", "hours": null, "night_care": false, "geo_precision": "official"}}, {"type": "Feature", "geometry": {"type": "Point", "coordinates": [121.2581664, 24.9614255]}, "properties": {"id": "ty-22", "name": "桃園市私立小豆苗托嬰中心", "type": "私立", "district": "中壢區", "quasi_public": true, "grade": "甲", "grade_year": "111", "grade_raw": "甲(111)", "fee_monthly": 20600, "established": "101.11.13", "floor": "1樓", "area_m2": "158.22", "beds_approved": 43, "address": "桃園市中壢區中興里榮安十三街274-2號1樓", "phone": "03-4351184", "vacancy": null, "available_from": null, "vacancy_source": "none", "vacancy_updated_at": null, "tycg_id": "35", "babycare_url": "https://babycare.tycg.gov.tw/#/org-detail/35", "hours": null, "night_care": false, "geo_precision": "official"}}, {"type": "Feature", "geometry": {"type": "Point", "coordinates": [121.2306436, 24.9514026]}, "properties": {"id": "ty-23", "name": "桃園市私立百合精緻托嬰中心", "type": "私立", "district": "中壢區", "quasi_public": false, "grade": "甲", "grade_year": "111", "grade_raw": "甲(111)", "fee_monthly": 15000, "established": "102.06.27", "floor": "1-2樓", "area_m2": "185.62", "beds_approved": 10, "address": "桃園市中壢區信義里廣州路128號1-2樓、130號1樓", "phone": "03-4685958", "vacancy": null, "available_from": null, "vacancy_source": "none", "vacancy_updated_at": null, "tycg_id": "37", "babycare_url": "https://babycare.tycg.gov.tw/#/org-detail/37", "hours": null, "night_care": false, "geo_precision": "official"}}, {"type": "Feature", "geometry": {"type": "Point", "coordinates": [121.234782, 24.9706897]}, "properties": {"id": "ty-24", "name": "桃園市私立美麗托嬰中心", "type": "私立", "district": "中壢區", "quasi_public": true, "grade": "甲", "grade_year": "111", "grade_raw": "甲(111)", "fee_monthly": 20940, "established": "98.03.31", "floor": "1-2樓", "area_m2": "261.62", "beds_approved": 38, "address": "桃園市中壢區永福里南園二路1巷18弄39號1-2樓、57巷21號1-2樓", "phone": "03-4622636", "vacancy": null, "available_from": null, "vacancy_source": "none", "vacancy_updated_at": null, "tycg_id": "38", "babycare_url": "https://babycare.tycg.gov.tw/#/org-detail/38", "hours": null, "night_care": false, "geo_precision": "official"}}, {"type": "Feature", "geometry": {"type": "Point", "coordinates": [121.2309546, 24.9602368]}, "properties": {"id": "ty-25", "name": "桃園市私立心寶貝托嬰中心", "type": "私立", "district": "中壢區", "quasi_public": true, "grade": "甲", "grade_year": "111", "grade_raw": "甲(111)", "fee_monthly": 19800, "established": "101.03.27", "floor": "1樓", "area_m2": "87.4", "beds_approved": 19, "address": "桃園市中壢區普義里25鄰八德路51號1樓", "phone": "03-4535900", "vacancy": null, "available_from": null, "vacancy_source": "none", "vacancy_updated_at": null, "tycg_id": "42", "babycare_url": "https://babycare.tycg.gov.tw/#/org-detail/42", "hours": null, "night_care": false, "geo_precision": "official"}}, {"type": "Feature", "geometry": {"type": "Point", "coordinates": [121.2488594, 24.9792161]}, "properties": {"id": "ty-26", "name": "桃園市私立昱誠托嬰中心", "type": "私立", "district": "中壢區", "quasi_public": false, "grade": "丙", "grade_year": "113", "grade_raw": "丙(113)", "fee_monthly": 17693, "established": "101.10.08", "floor": "2樓", "area_m2": "192", "beds_approved": 30, "address": "桃園市中壢區文化里21鄰長春二路82號2樓", "phone": "03-4334333", "vacancy": null, "available_from": null, "vacancy_source": "none", "vacancy_updated_at": null, "tycg_id": "46", "babycare_url": "https://babycare.tycg.gov.tw/#/org-detail/46", "hours": null, "night_care": false, "geo_precision": "official"}}, {"type": "Feature", "geometry": {"type": "Point", "coordinates": [121.2125753, 24.9651064]}, "properties": {"id": "ty-27", "name": "桃園市私立安琪兒托嬰中心", "type": "私立", "district": "中壢區", "quasi_public": true, "grade": "優", "grade_year": "111", "grade_raw": "優(111)", "fee_monthly": 21000, "established": "101.11.13", "floor": "1-3樓", "area_m2": "409.51", "beds_approved": 68, "address": "桃園市中壢區三民里環西路二段255號1-3樓", "phone": "03-4918196", "vacancy": null, "available_from": null, "vacancy_source": "none", "vacancy_updated_at": null, "tycg_id": "48", "babycare_url": "https://babycare.tycg.gov.tw/#/org-detail/48", "hours": null, "night_care": false, "geo_precision": "official"}}, {"type": "Feature", "geometry": {"type": "Point", "coordinates": [121.2318006, 24.9651443]}, "properties": {"id": "ty-28", "name": "桃園市私立貝比加托嬰中心", "type": "私立", "district": "中壢區", "quasi_public": true, "grade": "乙", "grade_year": "113", "grade_raw": "乙(113)", "fee_monthly": 20100, "established": "102.9.16", "floor": "2樓", "area_m2": "157.5", "beds_approved": 45, "address": "桃園市中壢區幸福里福州一街102號2樓", "phone": "03-4355686", "vacancy": null, "available_from": null, "vacancy_source": "none", "vacancy_updated_at": null, "tycg_id": "57", "babycare_url": "https://babycare.tycg.gov.tw/#/org-detail/57", "hours": null, "night_care": false, "geo_precision": "official"}}, {"type": "Feature", "geometry": {"type": "Point", "coordinates": [121.2466635, 24.9392986]}, "properties": {"id": "ty-29", "name": "桃園市私立喜美斯寶貝托嬰中心", "type": "私立", "district": "中壢區", "quasi_public": true, "grade": "甲", "grade_year": "111", "grade_raw": "甲(111)", "fee_monthly": 20592, "established": "103.09.30", "floor": "1樓", "area_m2": "356.13", "beds_approved": 76, "address": "桃園市中壢區至善里21鄰後寮一路169號", "phone": "03-4661816", "vacancy": null, "available_from": null, "vacancy_source": "none", "vacancy_updated_at": null, "tycg_id": "66", "babycare_url": "https://babycare.tycg.gov.tw/#/org-detail/66", "hours": null, "night_care": false, "geo_precision": "official"}}, {"type": "Feature", "geometry": {"type": "Point", "coordinates": [121.2541588, 24.9732088]}, "properties": {"id": "ty-30", "name": "桃園市私立晴天小屋托嬰中心", "type": "私立", "district": "中壢區", "quasi_public": true, "grade": "甲", "grade_year": "111", "grade_raw": "甲(111)", "fee_monthly": 21000, "established": "103.10.01", "floor": "1-3樓", "area_m2": "248.64", "beds_approved": 41, "address": "桃園市中壢區中原里9鄰文化路71號1-3樓", "phone": "03-4627267", "vacancy": null, "available_from": null, "vacancy_source": "none", "vacancy_updated_at": null, "tycg_id": "68", "babycare_url": "https://babycare.tycg.gov.tw/#/org-detail/68", "hours": null, "night_care": false, "geo_precision": "official"}}, {"type": "Feature", "geometry": {"type": "Point", "coordinates": [121.2180165, 24.959286]}, "properties": {"id": "ty-31", "name": "桃園市私立芯悅托嬰中心", "type": "私立", "district": "中壢區", "quasi_public": true, "grade": "優", "grade_year": "111", "grade_raw": "優(111)", "fee_monthly": 21000, "established": "104.08.11", "floor": "1-3樓", "area_m2": "192.26", "beds_approved": 60, "address": "桃園市中壢區光明里15鄰義民路2段25巷1號1-3樓", "phone": "03-4013737", "vacancy": null, "available_from": null, "vacancy_source": "none", "vacancy_updated_at": null, "tycg_id": "74", "babycare_url": "https://babycare.tycg.gov.tw/#/org-detail/74", "hours": null, "night_care": false, "geo_precision": "official"}}, {"type": "Feature", "geometry": {"type": "Point", "coordinates": [121.249903, 24.9732299]}, "properties": {"id": "ty-32", "name": "桃園市私立米菲蒙特梭利托嬰中心", "type": "私立", "district": "中壢區", "quasi_public": true, "grade": "甲", "grade_year": "113", "grade_raw": "甲(113)", "fee_monthly": 20341, "established": "104.12.31", "floor": "1樓", "area_m2": "72.27", "beds_approved": 17, "address": "桃園市中壢區復華里19鄰復華街186巷53-1號", "phone": "03-4631314", "vacancy": null, "available_from": null, "vacancy_source": "none", "vacancy_updated_at": null, "tycg_id": "78", "babycare_url": "https://babycare.tycg.gov.tw/#/org-detail/78", "hours": null, "night_care": false, "geo_precision": "official"}}, {"type": "Feature", "geometry": {"type": "Point", "coordinates": [121.2173162, 24.9593539]}, "properties": {"id": "ty-33", "name": "桃園市私立勁寶兒心愛托嬰中心", "type": "私立", "district": "中壢區", "quasi_public": false, "grade": "甲", "grade_year": "111", "grade_raw": "甲(111)", "fee_monthly": 23800, "established": "105.04.21", "floor": "1-3樓", "area_m2": "293.76", "beds_approved": 50, "address": "桃園市中壢區光明里17鄰民權路159號1-3樓", "phone": "03-4931434", "vacancy": null, "available_from": null, "vacancy_source": "none", "vacancy_updated_at": null, "tycg_id": "80", "babycare_url": "https://babycare.tycg.gov.tw/#/org-detail/80", "hours": null, "night_care": false, "geo_precision": "official"}}, {"type": "Feature", "geometry": {"type": "Point", "coordinates": [121.1627564, 24.9611051]}, "properties": {"id": "ty-34", "name": "桃園市私立樂寶托嬰中心", "type": "私立", "district": "中壢區", "quasi_public": true, "grade": "乙", "grade_year": "113", "grade_raw": "乙(113)", "fee_monthly": 20000, "established": "105.07.20", "floor": "1-2樓", "area_m2": "225.27", "beds_approved": 45, "address": "桃園市中壢區過嶺里民族路六段198號1-2樓", "phone": "03-4205590", "vacancy": null, "available_from": null, "vacancy_source": "none", "vacancy_updated_at": null, "tycg_id": "81", "babycare_url": "https://babycare.tycg.gov.tw/#/org-detail/81", "hours": null, "night_care": false, "geo_precision": "official"}}, {"type": "Feature", "geometry": {"type": "Point", "coordinates": [121.2482232, 24.9745073]}, "properties": {"id": "ty-35", "name": "桃園市私立勁承托嬰中心", "type": "私立", "district": "中壢區", "quasi_public": true, "grade": "優", "grade_year": "112", "grade_raw": "優(112)", "fee_monthly": 20000, "established": "106.08.03", "floor": "3樓", "area_m2": "318.28", "beds_approved": 65, "address": "桃園市中壢區復興里18鄰復華街212號3樓及自強六路53號3樓", "phone": "03-4526767", "vacancy": null, "available_from": null, "vacancy_source": "none", "vacancy_updated_at": null, "tycg_id": "85", "babycare_url": "https://babycare.tycg.gov.tw/#/org-detail/85", "hours": null, "night_care": false, "geo_precision": "official"}}, {"type": "Feature", "geometry": {"type": "Point", "coordinates": [121.2315982, 24.9606015]}, "properties": {"id": "ty-36", "name": "桃園市私立長堤托嬰中心", "type": "私立", "district": "中壢區", "quasi_public": true, "grade": "甲", "grade_year": "112", "grade_raw": "甲(112)", "fee_monthly": 20900, "established": "106.08.18", "floor": "1-2樓", "area_m2": "124.78", "beds_approved": 35, "address": "桃園市中壢區普義里4鄰普義路173號1-2樓", "phone": "03-4511584", "vacancy": null, "available_from": null, "vacancy_source": "none", "vacancy_updated_at": null, "tycg_id": "87", "babycare_url": "https://babycare.tycg.gov.tw/#/org-detail/87", "hours": null, "night_care": false, "geo_precision": "official"}}, {"type": "Feature", "geometry": {"type": "Point", "coordinates": [121.2488466, 24.9757383]}, "properties": {"id": "ty-37", "name": "桃園市私立幸福蒙特梭利托嬰中心", "type": "私立", "district": "中壢區", "quasi_public": true, "grade": "優", "grade_year": "112", "grade_raw": "優(112)", "fee_monthly": 20837, "established": "106.12.29", "floor": "1樓", "area_m2": "98.18", "beds_approved": 28, "address": "桃園市中壢區復興里7鄰長樂五街32號1樓", "phone": "03-4621058", "vacancy": null, "available_from": null, "vacancy_source": "none", "vacancy_updated_at": null, "tycg_id": "90", "babycare_url": "https://babycare.tycg.gov.tw/#/org-detail/90", "hours": null, "night_care": false, "geo_precision": "official"}}, {"type": "Feature", "geometry": {"type": "Point", "coordinates": [121.2087578, 25.0020122]}, "properties": {"id": "ty-38", "name": "桃園市私立桃樂比托嬰中心", "type": "私立", "district": "中壢區", "quasi_public": true, "grade": "優", "grade_year": "112", "grade_raw": "優(112)", "fee_monthly": 21000, "established": "107.9.26", "floor": "1-2樓", "area_m2": "325.15", "beds_approved": 110, "address": "桃園市中壢區洽溪里文智路155號1-2樓", "phone": "03-2873737", "vacancy": null, "available_from": null, "vacancy_source": "none", "vacancy_updated_at": null, "tycg_id": "98", "babycare_url": "https://babycare.tycg.gov.tw/#/org-detail/98", "hours": null, "night_care": false, "geo_precision": "official"}}, {"type": "Feature", "geometry": {"type": "Point", "coordinates": [121.2114086, 24.961706]}, "properties": {"id": "ty-39", "name": "桃園市私立家碩托嬰中心", "type": "私立", "district": "中壢區", "quasi_public": false, "grade": "丙", "grade_year": "113", "grade_raw": "丙(113)", "fee_monthly": 19000, "established": "108.1.24", "floor": "3樓", "area_m2": "73.35", "beds_approved": 20, "address": "桃園市中壢區光明里三光路86號3樓", "phone": "03-4913045", "vacancy": null, "available_from": null, "vacancy_source": "none", "vacancy_updated_at": null, "tycg_id": "40160", "babycare_url": "https://babycare.tycg.gov.tw/#/org-detail/40160", "hours": null, "night_care": false, "geo_precision": "official"}}, {"type": "Feature", "geometry": {"type": "Point", "coordinates": [121.2168196, 24.9587255]}, "properties": {"id": "ty-40", "name": "桃園市私立亞米哥托嬰中心", "type": "私立", "district": "中壢區", "quasi_public": true, "grade": "乙", "grade_year": "112", "grade_raw": "乙(112)", "fee_monthly": 19950, "established": "108.5.7", "floor": "2樓", "area_m2": "99.91", "beds_approved": 28, "address": "桃園市中壢區光明里中央西路二段65號2樓", "phone": "03-4016563", "vacancy": null, "available_from": null, "vacancy_source": "none", "vacancy_updated_at": null, "tycg_id": "107", "babycare_url": "https://babycare.tycg.gov.tw/#/org-detail/107", "hours": null, "night_care": false, "geo_precision": "official"}}, {"type": "Feature", "geometry": {"type": "Point", "coordinates": [121.2314942, 24.9642657]}, "properties": {"id": "ty-41", "name": "桃園市私立小星星托嬰中心", "type": "私立", "district": "中壢區", "quasi_public": true, "grade": "甲", "grade_year": "112", "grade_raw": "甲(112)", "fee_monthly": 19950, "established": "109.03.30", "floor": "1-2樓", "area_m2": "109.88", "beds_approved": 31, "address": "桃園市中壢區幸福里福壽一街75號1-2樓、福壽二街36號1-2樓", "phone": "03-4536255", "vacancy": null, "available_from": null, "vacancy_source": "none", "vacancy_updated_at": null, "tycg_id": "115", "babycare_url": "https://babycare.tycg.gov.tw/#/org-detail/115", "hours": null, "night_care": false, "geo_precision": "official"}}, {"type": "Feature", "geometry": {"type": "Point", "coordinates": [121.22094, 25.0094922]}, "properties": {"id": "ty-42", "name": "桃園市私立蕎俐安托嬰中心", "type": "私立", "district": "中壢區", "quasi_public": true, "grade": "甲", "grade_year": "113", "grade_raw": "甲(113)", "fee_monthly": 21000, "established": "110.10.05", "floor": "1層、夾層、2層", "area_m2": "380.86", "beds_approved": 90, "address": "桃園市中壢區青埔里18鄰高鐵站前東路二段112及116號", "phone": "03-2873385", "vacancy": null, "available_from": null, "vacancy_source": "none", "vacancy_updated_at": null, "tycg_id": "40158", "babycare_url": "https://babycare.tycg.gov.tw/#/org-detail/40158", "hours": null, "night_care": false, "geo_precision": "official"}}, {"type": "Feature", "geometry": {"type": "Point", "coordinates": [121.2358292, 24.9743518]}, "properties": {"id": "ty-43", "name": "桃園市私立聯合托嬰中心", "type": "私立", "district": "中壢區", "quasi_public": true, "grade": "甲", "grade_year": "113", "grade_raw": "甲(113)", "fee_monthly": 20900, "established": "110.12.14", "floor": "1-3樓", "area_m2": "520.65", "beds_approved": 80, "address": "桃園市中壢區永福里11鄰中園路421號1-3樓", "phone": "03-4333552", "vacancy": null, "available_from": null, "vacancy_source": "none", "vacancy_updated_at": null, "tycg_id": "40159", "babycare_url": "https://babycare.tycg.gov.tw/#/org-detail/40159", "hours": null, "night_care": false, "geo_precision": "official"}}, {"type": "Feature", "geometry": {"type": "Point", "coordinates": [121.2467352, 24.9347488]}, "properties": {"id": "ty-44", "name": "桃園市私立寶可夢托嬰中心", "type": "私立", "district": "中壢區", "quasi_public": true, "grade": null, "grade_year": null, "grade_raw": "尚未評鑑", "fee_monthly": 21000, "established": "111.06.01", "floor": "1-2樓", "area_m2": "238", "beds_approved": 60, "address": "桃園市中壢區龍昌里26鄰後寮一路359號1-2樓", "phone": "03-2830123", "vacancy": null, "available_from": null, "vacancy_source": "none", "vacancy_updated_at": null, "tycg_id": "50172", "babycare_url": "https://babycare.tycg.gov.tw/#/org-detail/50172", "hours": null, "night_care": false, "geo_precision": "official"}}, {"type": "Feature", "geometry": {"type": "Point", "coordinates": [121.2276944, 24.9721585]}, "properties": {"id": "ty-45", "name": "桃園市私立立暘樂寶托嬰中心", "type": "私立", "district": "中壢區", "quasi_public": true, "grade": null, "grade_year": null, "grade_raw": "尚未評鑑", "fee_monthly": 20000, "established": "111.12.14", "floor": "1樓", "area_m2": "247.875", "beds_approved": 59, "address": "桃園市中壢區忠福里38鄰南園二路296巷21弄2、6、8號1樓", "phone": "03-4332766", "vacancy": null, "available_from": null, "vacancy_source": "none", "vacancy_updated_at": null, "tycg_id": "CW11112013", "babycare_url": "https://babycare.tycg.gov.tw/#/org-detail/CW11112013", "hours": "", "night_care": false, "geo_precision": "official"}}, {"type": "Feature", "geometry": {"type": "Point", "coordinates": [121.2363239, 24.9675407]}, "properties": {"id": "ty-46", "name": "桃園市私立勁承中園館托嬰中心", "type": "私立", "district": "中壢區", "quasi_public": true, "grade": null, "grade_year": null, "grade_raw": "尚未評鑑", "fee_monthly": 20000, "established": "112.1.13", "floor": "3樓", "area_m2": "333.43", "beds_approved": 57, "address": "桃園市中壢區仁義里18鄰中園路121號3樓", "phone": "03-4511122", "vacancy": null, "available_from": null, "vacancy_source": "none", "vacancy_updated_at": null, "tycg_id": "CW11201027", "babycare_url": "https://babycare.tycg.gov.tw/#/org-detail/CW11201027", "hours": "", "night_care": false, "geo_precision": "official"}}, {"type": "Feature", "geometry": {"type": "Point", "coordinates": [121.1777297, 24.9620679]}, "properties": {"id": "ty-47", "name": "桃園市私立奧爾寶貝托嬰中心", "type": "私立", "district": "中壢區", "quasi_public": true, "grade": null, "grade_year": null, "grade_raw": "尚未評鑑", "fee_monthly": 20000, "established": "112.06.09", "floor": "1樓", "area_m2": "327.57", "beds_approved": 59, "address": "桃園市中壢區過嶺里1鄰雙福路145-2號1樓", "phone": "03-4901008", "vacancy": null, "available_from": null, "vacancy_source": "none", "vacancy_updated_at": null, "tycg_id": "CW11206004", "babycare_url": "https://babycare.tycg.gov.tw/#/org-detail/CW11206004", "hours": "7：00-17：00", "night_care": false, "geo_precision": "official"}}, {"type": "Feature", "geometry": {"type": "Point", "coordinates": [121.2077388, 25.0080134]}, "properties": {"id": "ty-48", "name": "桃園市私立哆寶樂菲托嬰中心", "type": "私立", "district": "中壢區", "quasi_public": true, "grade": null, "grade_year": null, "grade_raw": "尚未評鑑", "fee_monthly": 20000, "established": "112.11.08", "floor": "1樓", "area_m2": "215.4", "beds_approved": 45, "address": "桃園市中壢區青溪里5鄰永發路47號1樓", "phone": "03-2877600", "vacancy": null, "available_from": null, "vacancy_source": "none", "vacancy_updated_at": null, "tycg_id": "CW11211004", "babycare_url": "https://babycare.tycg.gov.tw/#/org-detail/CW11211004", "hours": "", "night_care": false, "geo_precision": "official"}}, {"type": "Feature", "geometry": {"type": "Point", "coordinates": [121.2065772, 25.0004595]}, "properties": {"id": "ty-49", "name": "桃園市私立金培恩青埔托嬰中心", "type": "私立", "district": "中壢區", "quasi_public": true, "grade": null, "grade_year": null, "grade_raw": "尚未評鑑", "fee_monthly": 20000, "established": "113.1.11", "floor": "1樓", "area_m2": "232.97", "beds_approved": 46, "address": "桃園市中壢區芝芭里1鄰領航南路一段186號1樓", "phone": "03-2805350", "vacancy": null, "available_from": null, "vacancy_source": "none", "vacancy_updated_at": null, "tycg_id": "CW11301011", "babycare_url": "https://babycare.tycg.gov.tw/#/org-detail/CW11301011", "hours": "", "night_care": false, "geo_precision": "official"}}, {"type": "Feature", "geometry": {"type": "Point", "coordinates": [121.2212805, 24.966527]}, "properties": {"id": "ty-50", "name": "桃園市私立快樂寶貝托嬰中心", "type": "私立", "district": "中壢區", "quasi_public": true, "grade": null, "grade_year": null, "grade_raw": "尚未評鑑", "fee_monthly": 20000, "established": "113.1.11", "floor": "1樓", "area_m2": "228.07", "beds_approved": 43, "address": "桃園市中壢區興和里15鄰環北路161號1樓", "phone": "03-4341168", "vacancy": null, "available_from": null, "vacancy_source": "none", "vacancy_updated_at": null, "tycg_id": "CW11301012", "babycare_url": "https://babycare.tycg.gov.tw/#/org-detail/CW11301012", "hours": "", "night_care": false, "geo_precision": "official"}}, {"type": "Feature", "geometry": {"type": "Point", "coordinates": [121.1677506, 24.9614843]}, "properties": {"id": "ty-51", "name": "桃園市私立和風煦煦托嬰中心", "type": "私立", "district": "中壢區", "quasi_public": true, "grade": null, "grade_year": null, "grade_raw": "尚未評鑑", "fee_monthly": 20000, "established": "113.4.3", "floor": "1樓", "area_m2": "249.76", "beds_approved": 60, "address": "桃園市中壢區過嶺里21鄰松仁路215號1樓及松義路179號1樓", "phone": "03-4206818", "vacancy": null, "available_from": null, "vacancy_source": "none", "vacancy_updated_at": null, "tycg_id": "CW11304004", "babycare_url": "https://babycare.tycg.gov.tw/#/org-detail/CW11304004", "hours": "", "night_care": false, "geo_precision": "official"}}, {"type": "Feature", "geometry": {"type": "Point", "coordinates": [121.1661608, 24.9597345]}, "properties": {"id": "ty-52", "name": "桃園市私立芯悅夢想托嬰中心", "type": "私立", "district": "中壢區", "quasi_public": true, "grade": null, "grade_year": null, "grade_raw": "尚未評鑑", "fee_monthly": 21000, "established": "113.6.13", "floor": "1-2樓", "area_m2": "255.8", "beds_approved": 73, "address": "桃園市中壢區過嶺里22鄰松義路86、88號1-2樓", "phone": "03-4906088", "vacancy": null, "available_from": null, "vacancy_source": "none", "vacancy_updated_at": null, "tycg_id": "CW11306007", "babycare_url": "https://babycare.tycg.gov.tw/#/org-detail/CW11306007", "hours": "", "night_care": false, "geo_precision": "official"}}, {"type": "Feature", "geometry": {"type": "Point", "coordinates": [121.2152523, 24.9405341]}, "properties": {"id": "ty-53", "name": "桃園市私立陽光玫瑰托嬰中心", "type": "私立", "district": "平鎮區", "quasi_public": true, "grade": "甲", "grade_year": "111", "grade_raw": "甲(111)", "fee_monthly": 20790, "established": "103.10.13", "floor": "2樓", "area_m2": "218.76", "beds_approved": 47, "address": "桃園市平鎮區新富里35鄰環南路二段265號2樓之1", "phone": "03-2842345", "vacancy": null, "available_from": null, "vacancy_source": "none", "vacancy_updated_at": null, "tycg_id": "69", "babycare_url": "https://babycare.tycg.gov.tw/#/org-detail/69", "hours": null, "night_care": false, "geo_precision": "official"}}, {"type": "Feature", "geometry": {"type": "Point", "coordinates": [121.210403, 24.954482]}, "properties": {"id": "ty-54", "name": "桃園市私立睿比托嬰中心", "type": "私立", "district": "平鎮區", "quasi_public": false, "grade": "甲", "grade_year": "113", "grade_raw": "甲(113)", "fee_monthly": 19530, "established": "105.08.22", "floor": "2-3樓", "area_m2": "107.62", "beds_approved": 30, "address": "桃園市平鎮區廣達里4鄰廣平街58-1號2-3樓", "phone": "03-4926028", "vacancy": null, "available_from": null, "vacancy_source": "none", "vacancy_updated_at": null, "geo_precision": "exact"}}, {"type": "Feature", "geometry": {"type": "Point", "coordinates": [121.2069708, 24.9144833]}, "properties": {"id": "ty-55", "name": "桃園市私立貝貝托嬰中心", "type": "私立", "district": "平鎮區", "quasi_public": true, "grade": "甲", "grade_year": "111", "grade_raw": "甲(111)", "fee_monthly": 21000, "established": "105.08.22", "floor": "1樓", "area_m2": "86.33", "beds_approved": 18, "address": "桃園市平鎮區金星里25鄰大連街45號1樓", "phone": "03-4030071", "vacancy": null, "available_from": null, "vacancy_source": "none", "vacancy_updated_at": null, "tycg_id": "83", "babycare_url": "https://babycare.tycg.gov.tw/#/org-detail/83", "hours": null, "night_care": false, "geo_precision": "official"}}, {"type": "Feature", "geometry": {"type": "Point", "coordinates": [121.2070639, 24.9144678]}, "properties": {"id": "ty-56", "name": "桃園市私立丹尼斯托嬰中心", "type": "私立", "district": "平鎮區", "quasi_public": true, "grade": "甲", "grade_year": "111", "grade_raw": "甲(111)", "fee_monthly": 20790, "established": "108.10.25", "floor": "1樓", "area_m2": "121.02", "beds_approved": 34, "address": "桃園市平鎮區金星里大連街49號1樓", "phone": "03-4395199", "vacancy": null, "available_from": null, "vacancy_source": "none", "vacancy_updated_at": null, "tycg_id": "110", "babycare_url": "https://babycare.tycg.gov.tw/#/org-detail/110", "hours": null, "night_care": false, "geo_precision": "official"}}, {"type": "Feature", "geometry": {"type": "Point", "coordinates": [121.2194908, 24.9428123]}, "properties": {"id": "ty-57", "name": "桃園市私立沐森托嬰中心", "type": "私立", "district": "平鎮區", "quasi_public": true, "grade": "優", "grade_year": "113", "grade_raw": "優(113)", "fee_monthly": 21000, "established": "110.11.19", "floor": "1樓", "area_m2": "296.76", "beds_approved": 50, "address": "桃園市平鎮區北華里6鄰振平街88號1樓", "phone": "03-4686860", "vacancy": null, "available_from": null, "vacancy_source": "none", "vacancy_updated_at": null, "tycg_id": "40157", "babycare_url": "https://babycare.tycg.gov.tw/#/org-detail/40157", "hours": null, "night_care": false, "geo_precision": "official"}}, {"type": "Feature", "geometry": {"type": "Point", "coordinates": [121.217674, 24.9502966]}, "properties": {"id": "ty-58", "name": "桃園市私立叡恩托嬰中心", "type": "私立", "district": "平鎮區", "quasi_public": true, "grade": null, "grade_year": null, "grade_raw": "尚未評鑑", "fee_monthly": 20000, "established": "112.8.3", "floor": "1樓", "area_m2": "250.91", "beds_approved": 50, "address": "桃園市平鎮區新勢里5鄰中豐路14號1樓.18號1樓", "phone": "03-4916060", "vacancy": null, "available_from": null, "vacancy_source": "none", "vacancy_updated_at": null, "tycg_id": "1288", "babycare_url": "https://babycare.tycg.gov.tw/#/org-detail/1288", "hours": "", "night_care": false, "geo_precision": "official"}}, {"type": "Feature", "geometry": {"type": "Point", "coordinates": [121.2139619, 24.9384106]}, "properties": {"id": "ty-59", "name": "桃園市私立米樂迪托嬰中心", "type": "私立", "district": "平鎮區", "quasi_public": true, "grade": null, "grade_year": null, "grade_raw": "尚未評鑑", "fee_monthly": 21000, "established": "113.8.28", "floor": "1-2樓", "area_m2": "384.47", "beds_approved": 84, "address": "桃園市平鎮區新英里1鄰新富街99號1-2樓", "phone": "03-4590088", "vacancy": null, "available_from": null, "vacancy_source": "none", "vacancy_updated_at": null, "tycg_id": "0000", "babycare_url": "https://babycare.tycg.gov.tw/#/org-detail/0000", "hours": "", "night_care": false, "geo_precision": "official"}}, {"type": "Feature", "geometry": {"type": "Point", "coordinates": [121.2908958, 25.0192387]}, "properties": {"id": "ty-60", "name": "桃園市私立熊寶堡托嬰中心", "type": "私立", "district": "桃園區", "quasi_public": false, "grade": "丁", "grade_year": "113", "grade_raw": "丁(113)", "fee_monthly": 17757, "established": "93.11.12", "floor": "1-2樓", "area_m2": "182", "beds_approved": 30, "address": "桃園市桃園區瑞慶里13鄰瑞慶陸389號1樓.2樓", "phone": "03-3010685", "vacancy": null, "available_from": null, "vacancy_source": "none", "vacancy_updated_at": null, "tycg_id": "40", "babycare_url": "https://babycare.tycg.gov.tw/#/org-detail/40", "hours": null, "night_care": false, "geo_precision": "official"}}, {"type": "Feature", "geometry": {"type": "Point", "coordinates": [121.2912221, 24.9935629]}, "properties": {"id": "ty-61", "name": "桃園市私立巧倪托嬰中心", "type": "私立", "district": "桃園區", "quasi_public": false, "grade": "丙", "grade_year": "113", "grade_raw": "丙(113)", "fee_monthly": 20003, "established": "100.12.28", "floor": "1-3樓", "area_m2": "130.78", "beds_approved": 37, "address": "桃園市桃園區中路里7鄰延壽街121之7號1-3樓", "phone": "03-3441711", "vacancy": null, "available_from": null, "vacancy_source": "none", "vacancy_updated_at": null, "geo_precision": "exact"}}, {"type": "Feature", "geometry": {"type": "Point", "coordinates": [121.2986291, 25.0114941]}, "properties": {"id": "ty-62", "name": "桃園市私立御寶兒托嬰中心", "type": "私立", "district": "桃園區", "quasi_public": false, "grade": "乙", "grade_year": "111", "grade_raw": "乙(111)", "fee_monthly": 20000, "established": "101.11.13", "floor": "2樓", "area_m2": "193", "beds_approved": 19, "address": "桃園市桃園區中寧里37鄰大興西路二段55號2樓", "phone": "03-3025188", "vacancy": null, "available_from": null, "vacancy_source": "none", "vacancy_updated_at": null, "geo_precision": "street"}}, {"type": "Feature", "geometry": {"type": "Point", "coordinates": [121.3180285, 25.0141008]}, "properties": {"id": "ty-63", "name": "桃園市私立寶貝托嬰中心", "type": "私立", "district": "桃園區", "quasi_public": true, "grade": "乙", "grade_year": "112", "grade_raw": "乙(112)", "fee_monthly": 18522, "established": "92.07.22", "floor": "1樓", "area_m2": "148.33", "beds_approved": 30, "address": "桃園市桃園區大有里3鄰大有路560號2樓", "phone": "03-3268443", "vacancy": null, "available_from": null, "vacancy_source": "none", "vacancy_updated_at": null, "tycg_id": "40151", "babycare_url": "https://babycare.tycg.gov.tw/#/org-detail/40151", "hours": null, "night_care": false, "geo_precision": "official"}}, {"type": "Feature", "geometry": {"type": "Point", "coordinates": [121.2928184, 24.9851635]}, "properties": {"id": "ty-64", "name": "桃園市私立金向日葵托嬰中心", "type": "私立", "district": "桃園區", "quasi_public": true, "grade": "甲", "grade_year": "111", "grade_raw": "甲(111)", "fee_monthly": 21000, "established": "101.11.21", "floor": "1樓", "area_m2": "115.06", "beds_approved": 20, "address": "桃園市桃園區中山里10鄰宏昌十二街175號", "phone": "03-2200782", "vacancy": null, "available_from": null, "vacancy_source": "none", "vacancy_updated_at": null, "tycg_id": "51", "babycare_url": "https://babycare.tycg.gov.tw/#/org-detail/51", "hours": null, "night_care": false, "geo_precision": "official"}}, {"type": "Feature", "geometry": {"type": "Point", "coordinates": [121.2977336, 24.991167]}, "properties": {"id": "ty-65", "name": "桃園市私立小哈力托嬰中心", "type": "私立", "district": "桃園區", "quasi_public": true, "grade": "甲", "grade_year": "111", "grade_raw": "甲(111)", "fee_monthly": 20900, "established": "101.11.30", "floor": "2樓", "area_m2": "90.83", "beds_approved": 35, "address": "桃園市桃園區泰山里4鄰中山路505號2樓之1", "phone": "03-3359035", "vacancy": null, "available_from": null, "vacancy_source": "none", "vacancy_updated_at": null, "tycg_id": "52", "babycare_url": "https://babycare.tycg.gov.tw/#/org-detail/52", "hours": null, "night_care": false, "geo_precision": "official"}}, {"type": "Feature", "geometry": {"type": "Point", "coordinates": [121.2916855, 24.9862441]}, "properties": {"id": "ty-66", "name": "桃園市私立新發現托嬰中心", "type": "私立", "district": "桃園區", "quasi_public": true, "grade": "甲", "grade_year": "111", "grade_raw": "甲(111)", "fee_monthly": 20281, "established": "101.12.18", "floor": "1樓", "area_m2": "66.22", "beds_approved": 13, "address": "桃園市桃園區中山里11鄰泰昌11街21、23號1樓", "phone": "03-2206855", "vacancy": null, "available_from": null, "vacancy_source": "none", "vacancy_updated_at": null, "tycg_id": "54", "babycare_url": "https://babycare.tycg.gov.tw/#/org-detail/54", "hours": null, "night_care": false, "geo_precision": "official"}}, {"type": "Feature", "geometry": {"type": "Point", "coordinates": [121.3100459, 24.9791192]}, "properties": {"id": "ty-67", "name": "桃園市私立喜美斯托嬰中心", "type": "私立", "district": "桃園區", "quasi_public": true, "grade": "甲", "grade_year": "113", "grade_raw": "甲(113)", "fee_monthly": 20295, "established": "94.12.07", "floor": "1樓", "area_m2": "244.55", "beds_approved": 47, "address": "桃園市桃園區福林里9鄰陽明11街1號1樓、12街23號1樓及12街25號1樓", "phone": "03-2184678", "vacancy": null, "available_from": null, "vacancy_source": "none", "vacancy_updated_at": null, "tycg_id": "56", "babycare_url": "https://babycare.tycg.gov.tw/#/org-detail/56", "hours": null, "night_care": false, "geo_precision": "official"}}, {"type": "Feature", "geometry": {"type": "Point", "coordinates": [121.2892344, 24.9855391]}, "properties": {"id": "ty-68", "name": "桃園市私立國際長頸鹿托嬰中心", "type": "私立", "district": "桃園區", "quasi_public": true, "grade": "甲", "grade_year": "111", "grade_raw": "甲(111)", "fee_monthly": 19928, "established": "102.12.18", "floor": "1樓", "area_m2": "158.57", "beds_approved": 10, "address": "桃園市桃園區中泰里13鄰宏昌八街71號1樓及81號1樓", "phone": "03-3703123", "vacancy": null, "available_from": null, "vacancy_source": "none", "vacancy_updated_at": null, "tycg_id": "59", "babycare_url": "https://babycare.tycg.gov.tw/#/org-detail/59", "hours": null, "night_care": false, "geo_precision": "official"}}, {"type": "Feature", "geometry": {"type": "Point", "coordinates": [121.2949927, 25.0168588]}, "properties": {"id": "ty-69", "name": "桃園市私立璦瑪懷恩托嬰中心", "type": "私立", "district": "桃園區", "quasi_public": true, "grade": "甲", "grade_year": "111", "grade_raw": "甲(111)", "fee_monthly": 20837, "established": "103.07.31", "floor": "1-3樓", "area_m2": "267.52", "beds_approved": 52, "address": "桃園市桃園區寶安里25鄰南平路466號1-3樓", "phone": "03-3568180", "vacancy": null, "available_from": null, "vacancy_source": "none", "vacancy_updated_at": null, "tycg_id": "65", "babycare_url": "https://babycare.tycg.gov.tw/#/org-detail/65", "hours": null, "night_care": false, "geo_precision": "official"}}, {"type": "Feature", "geometry": {"type": "Point", "coordinates": [121.287786, 24.9874399]}, "properties": {"id": "ty-70", "name": "桃園市私立佳佳托嬰中心", "type": "私立", "district": "桃園區", "quasi_public": true, "grade": "乙", "grade_year": "113", "grade_raw": "乙(113)", "fee_monthly": 19500, "established": "103.10.03", "floor": "1樓", "area_m2": "118.77", "beds_approved": 28, "address": "桃園市桃園區中聖里16鄰國鼎一街25號1樓之3", "phone": "03-3609230", "vacancy": null, "available_from": null, "vacancy_source": "none", "vacancy_updated_at": null, "tycg_id": "67", "babycare_url": "https://babycare.tycg.gov.tw/#/org-detail/67", "hours": null, "night_care": false, "geo_precision": "official"}}, {"type": "Feature", "geometry": {"type": "Point", "coordinates": [121.290948, 25.018655]}, "properties": {"id": "ty-71", "name": "桃園市私立立暘樂福托嬰中心", "type": "私立", "district": "桃園區", "quasi_public": true, "grade": "甲", "grade_year": "113", "grade_raw": "甲(113)", "fee_monthly": 20183, "established": "104.01.30", "floor": "1-2樓", "area_m2": "200.73", "beds_approved": 30, "address": "桃園市桃園區瑞慶里3鄰明德街13巷4號1-2樓", "phone": "03-3413419", "vacancy": null, "available_from": null, "vacancy_source": "none", "vacancy_updated_at": null, "tycg_id": "71", "babycare_url": "https://babycare.tycg.gov.tw/#/org-detail/71", "hours": null, "night_care": false, "geo_precision": "official"}}, {"type": "Feature", "geometry": {"type": "Point", "coordinates": [121.3209663, 24.9746797]}, "properties": {"id": "ty-72", "name": "桃園市私立喜美斯快樂托嬰中心", "type": "私立", "district": "桃園區", "quasi_public": true, "grade": "甲", "grade_year": "111", "grade_raw": "甲(111)", "fee_monthly": 20592, "established": "104.08.19", "floor": "1樓", "area_m2": "187.79", "beds_approved": 40, "address": "桃園市桃園區大林里16鄰榮華街63巷17、19號1樓", "phone": "03-2180215", "vacancy": null, "available_from": null, "vacancy_source": "none", "vacancy_updated_at": null, "tycg_id": "75", "babycare_url": "https://babycare.tycg.gov.tw/#/org-detail/75", "hours": null, "night_care": false, "geo_precision": "official"}}, {"type": "Feature", "geometry": {"type": "Point", "coordinates": [121.3143294, 25.0132151]}, "properties": {"id": "ty-73", "name": "桃園市私立富寶貝專業托嬰中心", "type": "私立", "district": "桃園區", "quasi_public": true, "grade": "乙", "grade_year": "113", "grade_raw": "乙(113)", "fee_monthly": 19990, "established": "104.12.23", "floor": "1樓", "area_m2": "116.93", "beds_approved": 33, "address": "桃園市桃園區寶山里10鄰雙峰路163號1樓及163-1號1樓", "phone": "03-3583008", "vacancy": null, "available_from": null, "vacancy_source": "none", "vacancy_updated_at": null, "tycg_id": "77", "babycare_url": "https://babycare.tycg.gov.tw/#/org-detail/77", "hours": null, "night_care": false, "geo_precision": "official"}}, {"type": "Feature", "geometry": {"type": "Point", "coordinates": [121.2946494, 24.964194]}, "properties": {"id": "ty-74", "name": "桃園市私立喜美斯幸福托嬰中心", "type": "私立", "district": "桃園區", "quasi_public": true, "grade": "乙", "grade_year": "112", "grade_raw": "乙(112)", "fee_monthly": 20295, "established": "106.07.06", "floor": "1-2樓", "area_m2": "169.82", "beds_approved": 48, "address": "桃園市桃園區中德里22鄰桃德路2號及4號1-2樓", "phone": "03-2181078", "vacancy": null, "available_from": null, "vacancy_source": "none", "vacancy_updated_at": null, "tycg_id": "84", "babycare_url": "https://babycare.tycg.gov.tw/#/org-detail/84", "hours": null, "night_care": false, "geo_precision": "official"}}, {"type": "Feature", "geometry": {"type": "Point", "coordinates": [121.2977528, 25.0211031]}, "properties": {"id": "ty-75", "name": "桃園市私立安貝斯托嬰中心", "type": "私立", "district": "桃園區", "quasi_public": true, "grade": "優", "grade_year": "112", "grade_raw": "優(112)", "fee_monthly": 20948, "established": "106.10.25", "floor": "1-2樓", "area_m2": "108.64", "beds_approved": 31, "address": "桃園市桃園區莊敬里13鄰同德十一街33號1-2樓", "phone": "03-3560991", "vacancy": null, "available_from": null, "vacancy_source": "none", "vacancy_updated_at": null, "tycg_id": "88", "babycare_url": "https://babycare.tycg.gov.tw/#/org-detail/88", "hours": null, "night_care": false, "geo_precision": "official"}}, {"type": "Feature", "geometry": {"type": "Point", "coordinates": [121.2910921, 24.9876556]}, "properties": {"id": "ty-76", "name": "桃園市私立金寶寶托嬰中心", "type": "私立", "district": "桃園區", "quasi_public": true, "grade": "乙", "grade_year": "112", "grade_raw": "乙(112)", "fee_monthly": 20500, "established": "107.4.13", "floor": "1樓", "area_m2": "175.65", "beds_approved": 60, "address": "桃園市桃園區中山里17鄰宏昌三街32號1樓", "phone": "03-2207929", "vacancy": null, "available_from": null, "vacancy_source": "none", "vacancy_updated_at": null, "tycg_id": "95", "babycare_url": "https://babycare.tycg.gov.tw/#/org-detail/95", "hours": null, "night_care": false, "geo_precision": "official"}}, {"type": "Feature", "geometry": {"type": "Point", "coordinates": [121.3018077, 25.0181345]}, "properties": {"id": "ty-77", "name": "桃園市私立小英倫國際托嬰中心", "type": "私立", "district": "桃園區", "quasi_public": true, "grade": "甲", "grade_year": "112", "grade_raw": "甲(112)", "fee_monthly": 21000, "established": "107.10.30", "floor": "1-3樓", "area_m2": "244.25", "beds_approved": 82, "address": "桃園市桃園區同安里9鄰同安街395、397號1-3樓", "phone": "03-3568276", "vacancy": null, "available_from": null, "vacancy_source": "none", "vacancy_updated_at": null, "tycg_id": "99", "babycare_url": "https://babycare.tycg.gov.tw/#/org-detail/99", "hours": null, "night_care": false, "geo_precision": "official"}}, {"type": "Feature", "geometry": {"type": "Point", "coordinates": [121.2934587, 25.0127554]}, "properties": {"id": "ty-78", "name": "桃園市私立桃園館愛媽咪托嬰中心", "type": "私立", "district": "桃園區", "quasi_public": true, "grade": "乙", "grade_year": "112", "grade_raw": "乙(112)", "fee_monthly": 18900, "established": "108.1.23", "floor": "1樓", "area_m2": "142.59", "beds_approved": 40, "address": "桃園市桃園區寶慶里8鄰寶慶路152號1樓", "phone": "03-2151688", "vacancy": null, "available_from": null, "vacancy_source": "none", "vacancy_updated_at": null, "tycg_id": "103", "babycare_url": "https://babycare.tycg.gov.tw/#/org-detail/103", "hours": null, "night_care": false, "geo_precision": "official"}}, {"type": "Feature", "geometry": {"type": "Point", "coordinates": [121.2898861, 25.0198977]}, "properties": {"id": "ty-79", "name": "桃園市私立寶慶托嬰中心", "type": "私立", "district": "桃園區", "quasi_public": false, "grade": "丙", "grade_year": "112", "grade_raw": "丙(112)\n113年複評通過", "fee_monthly": 18000, "established": "108.1.24", "floor": "1-2樓", "area_m2": "91.02", "beds_approved": 26, "address": "桃園市桃園區瑞慶里5鄰寶慶路498號1-2樓", "phone": "03-3019181", "vacancy": null, "available_from": null, "vacancy_source": "none", "vacancy_updated_at": null, "tycg_id": "106", "babycare_url": "https://babycare.tycg.gov.tw/#/org-detail/106", "hours": null, "night_care": false, "geo_precision": "official"}}, {"type": "Feature", "geometry": {"type": "Point", "coordinates": [121.3110306, 24.9751143]}, "properties": {"id": "ty-80", "name": "桃園市私立欣田托嬰中心", "type": "私立", "district": "桃園區", "quasi_public": true, "grade": "乙", "grade_year": "112", "grade_raw": "乙(112)", "fee_monthly": 20143, "established": "108.7.3", "floor": "1-2樓", "area_m2": "137.06", "beds_approved": 43, "address": "桃園市桃園區福林里19鄰樹仁三街582號1-2樓", "phone": "03-3662369", "vacancy": null, "available_from": null, "vacancy_source": "none", "vacancy_updated_at": null, "tycg_id": "108", "babycare_url": "https://babycare.tycg.gov.tw/#/org-detail/108", "hours": null, "night_care": false, "geo_precision": "official"}}, {"type": "Feature", "geometry": {"type": "Point", "coordinates": [121.3181923, 25.013525]}, "properties": {"id": "ty-81", "name": "桃園市私立凱爾葳托嬰中心", "type": "私立", "district": "桃園區", "quasi_public": true, "grade": "乙", "grade_year": "112", "grade_raw": "乙(112)", "fee_monthly": 20500, "established": "109.07.20", "floor": "2樓", "area_m2": "191.09", "beds_approved": 40, "address": "桃園市桃園區大有里5鄰大有路506之1號、506號2樓", "phone": "03-3460036", "vacancy": null, "available_from": null, "vacancy_source": "none", "vacancy_updated_at": null, "tycg_id": "118", "babycare_url": "https://babycare.tycg.gov.tw/#/org-detail/118", "hours": null, "night_care": false, "geo_precision": "official"}}, {"type": "Feature", "geometry": {"type": "Point", "coordinates": [121.295141, 25.007655]}, "properties": {"id": "ty-82", "name": "桃園市私立陽光森林托嬰中心", "type": "私立", "district": "桃園區", "quasi_public": true, "grade": "甲", "grade_year": "112", "grade_raw": "甲(112)", "fee_monthly": 19950, "established": "109.12.02", "floor": "1-3樓", "area_m2": "196.02", "beds_approved": 55, "address": "桃園市桃園區南埔里10鄰蓮埔街145號1-3樓", "phone": "03-3023185", "vacancy": null, "available_from": null, "vacancy_source": "none", "vacancy_updated_at": null, "tycg_id": "139", "babycare_url": "https://babycare.tycg.gov.tw/#/org-detail/139", "hours": null, "night_care": false, "geo_precision": "official"}}, {"type": "Feature", "geometry": {"type": "Point", "coordinates": [121.2924775, 24.965169]}, "properties": {"id": "ty-83", "name": "桃園市台煒有限公司\n附設私立台煒托嬰中心", "type": "私立", "district": "桃園區", "quasi_public": true, "grade": "優", "grade_year": "113", "grade_raw": "優(113)", "fee_monthly": 20900, "established": "110.04.12", "floor": "1樓", "area_m2": "224.43", "beds_approved": 64, "address": "桃園市桃園區中德里8鄰國際路一段136號\n1樓", "phone": "03-3765968", "vacancy": null, "available_from": null, "vacancy_source": "none", "vacancy_updated_at": null, "tycg_id": "145", "babycare_url": "https://babycare.tycg.gov.tw/#/org-detail/145", "hours": null, "night_care": false, "geo_precision": "official"}}, {"type": "Feature", "geometry": {"type": "Point", "coordinates": [121.3146519, 24.9957963]}, "properties": {"id": "ty-84", "name": "桃園市私立小英倫國際森林館托嬰中心", "type": "私立", "district": "桃園區", "quasi_public": true, "grade": "甲", "grade_year": "113", "grade_raw": "甲(113)", "fee_monthly": 21000, "established": "110.09.08", "floor": "1-2樓", "area_m2": "183.33", "beds_approved": 76, "address": "桃園市桃園區成功里2鄰中山東路58、60號1-2樓", "phone": "03-3351139", "vacancy": null, "available_from": null, "vacancy_source": "none", "vacancy_updated_at": null, "tycg_id": "50159", "babycare_url": "https://babycare.tycg.gov.tw/#/org-detail/50159", "hours": null, "night_care": false, "geo_precision": "official"}}, {"type": "Feature", "geometry": {"type": "Point", "coordinates": [121.2958905, 24.9949504]}, "properties": {"id": "ty-85", "name": "桃園市私立采舍托嬰中心", "type": "私立", "district": "桃園區", "quasi_public": true, "grade": "甲", "grade_year": "113", "grade_raw": "甲(113)", "fee_monthly": 21000, "established": "110.09.27", "floor": "1樓", "area_m2": "111.3", "beds_approved": 31, "address": "桃園市桃園區中正里23鄰正光路86巷23、25號1樓", "phone": "03-3475340", "vacancy": null, "available_from": null, "vacancy_source": "none", "vacancy_updated_at": null, "tycg_id": "40148", "babycare_url": "https://babycare.tycg.gov.tw/#/org-detail/40148", "hours": null, "night_care": false, "geo_precision": "official"}}, {"type": "Feature", "geometry": {"type": "Point", "coordinates": [121.2946277, 24.9967957]}, "properties": {"id": "ty-86", "name": "桃園市私立貝格爾托嬰中心", "type": "私立", "district": "桃園區", "quasi_public": false, "grade": "乙", "grade_year": "113", "grade_raw": "乙(113)", "fee_monthly": 19000, "established": "110.12.23", "floor": "1樓", "area_m2": "280.23", "beds_approved": 67, "address": "桃園市桃園區中正里22鄰正光路201號1樓", "phone": "03-3609337", "vacancy": null, "available_from": null, "vacancy_source": "none", "vacancy_updated_at": null, "tycg_id": "50160", "babycare_url": "https://babycare.tycg.gov.tw/#/org-detail/50160", "hours": null, "night_care": false, "geo_precision": "official"}}, {"type": "Feature", "geometry": {"type": "Point", "coordinates": [121.2933225, 25.001247]}, "properties": {"id": "ty-87", "name": "桃園市私立風禾日光托嬰中心", "type": "私立", "district": "桃園區", "quasi_public": false, "grade": null, "grade_year": null, "grade_raw": "尚未評鑑", "fee_monthly": 26333, "established": "111.05.04", "floor": "1樓", "area_m2": "199.4", "beds_approved": 40, "address": "桃園市桃園區中成里6鄰慈文路666-1號1樓", "phone": "03-2160867", "vacancy": null, "available_from": null, "vacancy_source": "none", "vacancy_updated_at": null, "tycg_id": "50170", "babycare_url": "https://babycare.tycg.gov.tw/#/org-detail/50170", "hours": null, "night_care": false, "geo_precision": "official"}}, {"type": "Feature", "geometry": {"type": "Point", "coordinates": [121.2976066, 25.0284447]}, "properties": {"id": "ty-88", "name": "桃園市私立小英倫國際幸福館托嬰中心", "type": "私立", "district": "桃園區", "quasi_public": true, "grade": null, "grade_year": null, "grade_raw": "尚未評鑑", "fee_monthly": 21000, "established": "111.07.21", "floor": "1-2樓", "area_m2": "359.54", "beds_approved": 80, "address": "桃園市桃園區汴洲里34鄰幸福路316號1、2樓", "phone": "03-3565628", "vacancy": null, "available_from": null, "vacancy_source": "none", "vacancy_updated_at": null, "tycg_id": "50174", "babycare_url": "https://babycare.tycg.gov.tw/#/org-detail/50174", "hours": null, "night_care": false, "geo_precision": "official"}}, {"type": "Feature", "geometry": {"type": "Point", "coordinates": [121.2949737, 25.022962]}, "properties": {"id": "ty-89", "name": "桃園市私立安貝斯禾悅托嬰中心", "type": "私立", "district": "桃園區", "quasi_public": true, "grade": null, "grade_year": null, "grade_raw": "尚未評鑑", "fee_monthly": 20000, "established": "112.01.18", "floor": "2樓", "area_m2": "247.6", "beds_approved": 70, "address": "桃園市桃園區瑞慶里15鄰中正路1357.1359號2樓", "phone": "03-3170991", "vacancy": null, "available_from": null, "vacancy_source": "none", "vacancy_updated_at": null, "tycg_id": "CW11201021", "babycare_url": "https://babycare.tycg.gov.tw/#/org-detail/CW11201021", "hours": "7:30-17:30", "night_care": false, "geo_precision": "official"}}, {"type": "Feature", "geometry": {"type": "Point", "coordinates": [121.2797267, 24.9900201]}, "properties": {"id": "ty-90", "name": "桃園市私立凱德寶托嬰中心", "type": "私立", "district": "桃園區", "quasi_public": true, "grade": null, "grade_year": null, "grade_raw": "尚未評鑑", "fee_monthly": 20000, "established": "112.5.19", "floor": "2樓", "area_m2": "280.77", "beds_approved": 65, "address": "桃園市桃園區龍鳳里9鄰龍安街119號2樓", "phone": "03-3690190", "vacancy": null, "available_from": null, "vacancy_source": "none", "vacancy_updated_at": null, "tycg_id": "162", "babycare_url": "https://babycare.tycg.gov.tw/#/org-detail/162", "hours": "", "night_care": false, "geo_precision": "official"}}, {"type": "Feature", "geometry": {"type": "Point", "coordinates": [121.3118124, 25.0019269]}, "properties": {"id": "ty-91", "name": "桃園市私立言嬡專業托嬰中心", "type": "私立", "district": "桃園區", "quasi_public": false, "grade": null, "grade_year": null, "grade_raw": "尚未評鑑", "fee_monthly": 21500, "established": "112.8.15", "floor": "1-1樓夾層", "area_m2": "60.38", "beds_approved": 17, "address": "桃園市桃園區青溪里16鄰青溪一路128巷1號1樓及1樓夾層", "phone": "03-3475755", "vacancy": null, "available_from": null, "vacancy_source": "none", "vacancy_updated_at": null, "tycg_id": "CW11208006", "babycare_url": "https://babycare.tycg.gov.tw/#/org-detail/CW11208006", "hours": "", "night_care": false, "geo_precision": "official"}}, {"type": "Feature", "geometry": {"type": "Point", "coordinates": [121.2917435, 24.999998]}, "properties": {"id": "ty-92", "name": "桃園市私立心辰托嬰中心", "type": "私立", "district": "桃園區", "quasi_public": true, "grade": null, "grade_year": null, "grade_raw": "尚未評鑑", "fee_monthly": 20000, "established": "112.12.29", "floor": "1樓", "area_m2": "157.41", "beds_approved": 52, "address": "桃園市桃園區文中里22鄰正光二街168號1樓", "phone": "03-3709025", "vacancy": null, "available_from": null, "vacancy_source": "none", "vacancy_updated_at": null, "tycg_id": "CW11301006", "babycare_url": "https://babycare.tycg.gov.tw/#/org-detail/CW11301006", "hours": "", "night_care": false, "geo_precision": "official"}}, {"type": "Feature", "geometry": {"type": "Point", "coordinates": [121.3111205, 25.017508]}, "properties": {"id": "ty-93", "name": "桃園市私立靚寶貝托嬰中心", "type": "私立", "district": "桃園區", "quasi_public": true, "grade": null, "grade_year": null, "grade_raw": "尚未評鑑", "fee_monthly": 20000, "established": "113.2.1", "floor": "1樓", "area_m2": "171.32", "beds_approved": 46, "address": "桃園市桃園區春日里16鄰大業路二段62、64、66號1樓", "phone": "03-3587456", "vacancy": null, "available_from": null, "vacancy_source": "none", "vacancy_updated_at": null, "tycg_id": "CW11302003", "babycare_url": "https://babycare.tycg.gov.tw/#/org-detail/CW11302003", "hours": "", "night_care": false, "geo_precision": "official"}}, {"type": "Feature", "geometry": {"type": "Point", "coordinates": [121.296494, 24.9916337]}, "properties": {"id": "ty-94", "name": "桃園市私立采舍親托嬰中心", "type": "私立", "district": "桃園區", "quasi_public": true, "grade": null, "grade_year": null, "grade_raw": "尚未評鑑", "fee_monthly": 20000, "established": "113.3.26", "floor": "1-2樓", "area_m2": "267.33", "beds_approved": 50, "address": "桃園市桃園區中正里7鄰守法路19-5號1、2樓", "phone": "03-3318030", "vacancy": null, "available_from": null, "vacancy_source": "none", "vacancy_updated_at": null, "tycg_id": " CW11303012", "babycare_url": "https://babycare.tycg.gov.tw/#/org-detail/ CW11303012", "hours": "", "night_care": false, "geo_precision": "official"}}, {"type": "Feature", "geometry": {"type": "Point", "coordinates": [121.2979268, 25.021136]}, "properties": {"id": "ty-95", "name": "桃園市私立妮卡托嬰中心", "type": "私立", "district": "桃園區", "quasi_public": true, "grade": null, "grade_year": null, "grade_raw": "尚未評鑑", "fee_monthly": 20000, "established": "113.04.12", "floor": "1-3樓", "area_m2": "198.99", "beds_approved": 34, "address": "桃園市桃園區莊敬里11鄰同德11街7號1-3樓", "phone": "03-3589105", "vacancy": null, "available_from": null, "vacancy_source": "none", "vacancy_updated_at": null, "tycg_id": "CW11304012", "babycare_url": "https://babycare.tycg.gov.tw/#/org-detail/CW11304012", "hours": "", "night_care": false, "geo_precision": "official"}}, {"type": "Feature", "geometry": {"type": "Point", "coordinates": [121.3043177, 24.9974]}, "properties": {"id": "ty-96", "name": "桃園市私立滿福寶托嬰中心", "type": "私立", "district": "桃園區", "quasi_public": true, "grade": null, "grade_year": null, "grade_raw": "尚未評鑑", "fee_monthly": 21000, "established": "113.7.19", "floor": "1-2樓", "area_m2": "127.62", "beds_approved": 36, "address": "桃園市桃園區中興里3鄰中福街58號1-2樓", "phone": "03-3358141", "vacancy": null, "available_from": null, "vacancy_source": "none", "vacancy_updated_at": null, "tycg_id": "033358141", "babycare_url": "https://babycare.tycg.gov.tw/#/org-detail/033358141", "hours": "", "night_care": false, "geo_precision": "official"}}, {"type": "Feature", "geometry": {"type": "Point", "coordinates": [121.2934956, 24.9849094]}, "properties": {"id": "ty-97", "name": "桃園市私立幸福貝比托嬰中心", "type": "私立", "district": "桃園區", "quasi_public": true, "grade": null, "grade_year": null, "grade_raw": "尚未評鑑", "fee_monthly": 21000, "established": "113.7.30", "floor": "1樓", "area_m2": "122.79", "beds_approved": 35, "address": "桃園市桃園區中山里5鄰中平路172、176、178號1樓", "phone": "03-2288218", "vacancy": null, "available_from": null, "vacancy_source": "none", "vacancy_updated_at": null, "tycg_id": "CW11307008", "babycare_url": "https://babycare.tycg.gov.tw/#/org-detail/CW11307008", "hours": "", "night_care": false, "geo_precision": "official"}}, {"type": "Feature", "geometry": {"type": "Point", "coordinates": [121.3164725, 24.9971462]}, "properties": {"id": "ty-98", "name": "桃園市私立園一托嬰中心", "type": "私立", "district": "桃園區", "quasi_public": true, "grade": null, "grade_year": null, "grade_raw": "尚未評鑑", "fee_monthly": 21000, "established": "113.8.20", "floor": "1樓", "area_m2": "397", "beds_approved": 47, "address": "桃園市桃園區成功里13鄰園一街33號1樓", "phone": "03-3387928", "vacancy": null, "available_from": null, "vacancy_source": "none", "vacancy_updated_at": null, "tycg_id": "CW11308015", "babycare_url": "https://babycare.tycg.gov.tw/#/org-detail/CW11308015", "hours": "", "night_care": false, "geo_precision": "official"}}, {"type": "Feature", "geometry": {"type": "Point", "coordinates": [121.1721078, 24.9095001]}, "properties": {"id": "ty-99", "name": "桃園市私立瑞梅蒙氏托嬰中心", "type": "私立", "district": "楊梅區", "quasi_public": false, "grade": "丙", "grade_year": "113", "grade_raw": "丙(113)", "fee_monthly": 19950, "established": "101.12.17", "floor": "1-3樓", "area_m2": "222.33", "beds_approved": 35, "address": "桃園市楊梅區梅溪里20鄰中山北路2段210號1-3樓", "phone": "03-4820660", "vacancy": null, "available_from": null, "vacancy_source": "none", "vacancy_updated_at": null, "tycg_id": "53", "babycare_url": "https://babycare.tycg.gov.tw/#/org-detail/53", "hours": null, "night_care": false, "geo_precision": "official"}}, {"type": "Feature", "geometry": {"type": "Point", "coordinates": [121.184516, 24.911128]}, "properties": {"id": "ty-100", "name": "桃園市私立立暘托嬰中心", "type": "私立", "district": "楊梅區", "quasi_public": false, "grade": "乙", "grade_year": "111", "grade_raw": "乙(111)", "fee_monthly": 18900, "established": "104.04.07", "floor": "1樓", "area_m2": "103.2", "beds_approved": 18, "address": "桃園市楊梅區光華里26鄰文化街189巷51號1樓", "phone": "03-4311777", "vacancy": null, "available_from": null, "vacancy_source": "none", "vacancy_updated_at": null, "tycg_id": "73", "babycare_url": "https://babycare.tycg.gov.tw/#/org-detail/73", "hours": null, "night_care": false, "geo_precision": "official"}}, {"type": "Feature", "geometry": {"type": "Point", "coordinates": [121.1836482, 24.9106456]}, "properties": {"id": "ty-101", "name": "桃園市私立茉莉托嬰中心", "type": "私立", "district": "楊梅區", "quasi_public": true, "grade": "優", "grade_year": "112", "grade_raw": "優(112)", "fee_monthly": 20837, "established": "107.01.16", "floor": "1-3樓", "area_m2": "446.66", "beds_approved": 91, "address": "桃園市楊梅區光華里20鄰五守街27號1-3樓", "phone": "03-4815565", "vacancy": null, "available_from": null, "vacancy_source": "none", "vacancy_updated_at": null, "tycg_id": "92", "babycare_url": "https://babycare.tycg.gov.tw/#/org-detail/92", "hours": null, "night_care": false, "geo_precision": "official"}}, {"type": "Feature", "geometry": {"type": "Point", "coordinates": [121.1836583, 24.9125426]}, "properties": {"id": "ty-102", "name": "桃園市私立立暘寶寶托嬰中心", "type": "私立", "district": "楊梅區", "quasi_public": true, "grade": "甲", "grade_year": "112", "grade_raw": "甲(112)", "fee_monthly": 21000, "established": "109.02.14", "floor": "2-3樓", "area_m2": "194.02", "beds_approved": 55, "address": "桃園市楊梅區四維里2鄰文化街202號2-3樓", "phone": "03-4317555", "vacancy": null, "available_from": null, "vacancy_source": "none", "vacancy_updated_at": null, "tycg_id": "113", "babycare_url": "https://babycare.tycg.gov.tw/#/org-detail/113", "hours": null, "night_care": false, "geo_precision": "official"}}, {"type": "Feature", "geometry": {"type": "Point", "coordinates": [121.1819063, 24.9156822]}, "properties": {"id": "ty-103", "name": "桃園市私立華府托嬰中心", "type": "私立", "district": "楊梅區", "quasi_public": true, "grade": "乙", "grade_year": "112", "grade_raw": "乙(112)", "fee_monthly": 20500, "established": "109.07.23", "floor": "1樓", "area_m2": "174.94", "beds_approved": 49, "address": "桃園市楊梅區四維里11鄰永美路371巷28號1樓", "phone": "03-4812616", "vacancy": null, "available_from": null, "vacancy_source": "none", "vacancy_updated_at": null, "geo_precision": "exact"}}, {"type": "Feature", "geometry": {"type": "Point", "coordinates": [121.1457715, 24.9161306]}, "properties": {"id": "ty-104", "name": "桃園市私立樂堡兒托嬰中心", "type": "私立", "district": "楊梅區", "quasi_public": true, "grade": "優", "grade_year": "113", "grade_raw": "優(113)", "fee_monthly": 20900, "established": "110.11.10", "floor": "3樓", "area_m2": "185.93", "beds_approved": 37, "address": "桃園市楊梅區楊梅里30鄰金德路51號3樓", "phone": "03-4785668", "vacancy": null, "available_from": null, "vacancy_source": "none", "vacancy_updated_at": null, "tycg_id": "40153", "babycare_url": "https://babycare.tycg.gov.tw/#/org-detail/40153", "hours": null, "night_care": false, "geo_precision": "official"}}, {"type": "Feature", "geometry": {"type": "Point", "coordinates": [121.217375, 24.8568407]}, "properties": {"id": "ty-105", "name": "桃園市私立貝拉托嬰中心", "type": "私立", "district": "龍潭區", "quasi_public": true, "grade": "甲", "grade_year": "112", "grade_raw": "甲(112)", "fee_monthly": 19950, "established": "107.3.13", "floor": "2樓", "area_m2": "159.7", "beds_approved": 45, "address": "桃園市龍潭區中正里龍華路440號2樓", "phone": "03-4808866", "vacancy": null, "available_from": null, "vacancy_source": "none", "vacancy_updated_at": null, "tycg_id": "94", "babycare_url": "https://babycare.tycg.gov.tw/#/org-detail/94", "hours": null, "night_care": false, "geo_precision": "official"}}, {"type": "Feature", "geometry": {"type": "Point", "coordinates": [121.2091536, 24.8724097]}, "properties": {"id": "ty-106", "name": "桃園市私立頂尖托嬰中心", "type": "私立", "district": "龍潭區", "quasi_public": true, "grade": "甲", "grade_year": "113", "grade_raw": "甲(113)", "fee_monthly": 21000, "established": "110.04.01", "floor": "1-2樓", "area_m2": "145.039", "beds_approved": 32, "address": "桃園市龍潭區龍祥里16鄰干城路196巷6號", "phone": "03-4803895", "vacancy": null, "available_from": null, "vacancy_source": "none", "vacancy_updated_at": null, "tycg_id": "144", "babycare_url": "https://babycare.tycg.gov.tw/#/org-detail/144", "hours": null, "night_care": false, "geo_precision": "official"}}, {"type": "Feature", "geometry": {"type": "Point", "coordinates": [121.208579, 24.8654096]}, "properties": {"id": "ty-107", "name": "桃園市私立朵拉托嬰中心", "type": "私立", "district": "龍潭區", "quasi_public": true, "grade": null, "grade_year": null, "grade_raw": "尚未評鑑", "fee_monthly": 21000, "established": "111.7.7", "floor": "1樓", "area_m2": "107.23", "beds_approved": 30, "address": "桃園市龍潭區凌雲里21鄰聖亭路132、132-1號1樓", "phone": "03-4801919", "vacancy": null, "available_from": null, "vacancy_source": "none", "vacancy_updated_at": null, "tycg_id": "150", "babycare_url": "https://babycare.tycg.gov.tw/#/org-detail/150", "hours": "", "night_care": false, "geo_precision": "official"}}, {"type": "Feature", "geometry": {"type": "Point", "coordinates": [121.2093869, 24.8790928]}, "properties": {"id": "ty-108", "name": "桃園市私立百年正恩托嬰中心", "type": "私立", "district": "龍潭區", "quasi_public": true, "grade": null, "grade_year": null, "grade_raw": "尚未評鑑", "fee_monthly": 20000, "established": "112.10.27", "floor": "2樓", "area_m2": "311.41", "beds_approved": 43, "address": "桃園市龍潭區百年里8鄰百年三街31號1樓", "phone": "03-4801897", "vacancy": null, "available_from": null, "vacancy_source": "none", "vacancy_updated_at": null, "tycg_id": "CW11210001", "babycare_url": "https://babycare.tycg.gov.tw/#/org-detail/CW11210001", "hours": "", "night_care": false, "geo_precision": "official"}}, {"type": "Feature", "geometry": {"type": "Point", "coordinates": [121.2299281, 24.8730017]}, "properties": {"id": "ty-109", "name": "桃園市私立頂尖康嘩托嬰中心", "type": "私立", "district": "龍潭區", "quasi_public": true, "grade": null, "grade_year": null, "grade_raw": "尚未評鑑", "fee_monthly": 20000, "established": "113.3.25", "floor": "3樓", "area_m2": "208.39", "beds_approved": 52, "address": "桃園市龍潭區中興里19鄰中興路396-22號3樓", "phone": "03-4799866", "vacancy": null, "available_from": null, "vacancy_source": "none", "vacancy_updated_at": null, "tycg_id": "CW11303010", "babycare_url": "https://babycare.tycg.gov.tw/#/org-detail/CW11303010", "hours": "", "night_care": false, "geo_precision": "official"}}, {"type": "Feature", "geometry": {"type": "Point", "coordinates": [121.2142588, 24.8695682]}, "properties": {"id": "ty-110", "name": "桃園市私立和風四季托嬰中心", "type": "私立", "district": "龍潭區", "quasi_public": true, "grade": null, "grade_year": null, "grade_raw": "尚未評鑑", "fee_monthly": 21000, "established": "113.8.23", "floor": "1-2樓", "area_m2": "287.3", "beds_approved": 65, "address": "桃園市龍潭區中山里35鄰大昌路一段6號1樓及1樓夾層、8號1樓", "phone": "03-4800448", "vacancy": null, "available_from": null, "vacancy_source": "none", "vacancy_updated_at": null, "tycg_id": "CW11308016", "babycare_url": "https://babycare.tycg.gov.tw/#/org-detail/CW11308016", "hours": "", "night_care": false, "geo_precision": "official"}}, {"type": "Feature", "geometry": {"type": "Point", "coordinates": [121.3825146, 25.0577498]}, "properties": {"id": "ty-111", "name": "桃園市私立長庚醫療財團法人林口長庚紀念醫院附設托嬰中心", "type": "私立", "district": "龜山區", "quasi_public": true, "grade": "優", "grade_year": "111", "grade_raw": "優(111)", "fee_monthly": 14934, "established": "101.11.07", "floor": "1樓", "area_m2": "557.69", "beds_approved": 80, "address": "桃園市龜山區長庚里長庚村11鄰長庚醫護新村77號1樓", "phone": "03-3289281", "vacancy": null, "available_from": null, "vacancy_source": "none", "vacancy_updated_at": null, "tycg_id": "29", "babycare_url": "https://babycare.tycg.gov.tw/#/org-detail/29", "hours": null, "night_care": false, "geo_precision": "official"}}, {"type": "Feature", "geometry": {"type": "Point", "coordinates": [121.3661739, 25.0553153]}, "properties": {"id": "ty-112", "name": "桃園市私立安德笙托嬰中心", "type": "私立", "district": "龜山區", "quasi_public": true, "grade": "甲", "grade_year": "111", "grade_raw": "甲(111)", "fee_monthly": 20900, "established": "104.10.27", "floor": "1-2樓", "area_m2": "154.76", "beds_approved": 59, "address": "桃園市龜山區文化里16鄰文化三路373號1樓及1樓夾層", "phone": "03-3279229", "vacancy": null, "available_from": null, "vacancy_source": "none", "vacancy_updated_at": null, "tycg_id": "76", "babycare_url": "https://babycare.tycg.gov.tw/#/org-detail/76", "hours": null, "night_care": false, "geo_precision": "official"}}, {"type": "Feature", "geometry": {"type": "Point", "coordinates": [121.3891057, 25.0402261]}, "properties": {"id": "ty-113", "name": "桃園市私立米其林托嬰中心", "type": "私立", "district": "龜山區", "quasi_public": true, "grade": "甲", "grade_year": "112", "grade_raw": "甲(112)", "fee_monthly": 21000, "established": "107.11.07", "floor": "1-2樓", "area_m2": "158.76", "beds_approved": 45, "address": "桃園市龜山區文青里5鄰文青路223號1-2樓", "phone": "03-3973060", "vacancy": null, "available_from": null, "vacancy_source": "none", "vacancy_updated_at": null, "tycg_id": "100", "babycare_url": "https://babycare.tycg.gov.tw/#/org-detail/100", "hours": null, "night_care": false, "geo_precision": "official"}}, {"type": "Feature", "geometry": {"type": "Point", "coordinates": [121.381638, 25.054537]}, "properties": {"id": "ty-114", "name": "桃園市私立寶心樂善園托嬰中心", "type": "私立", "district": "龜山區", "quasi_public": true, "grade": "甲", "grade_year": "112", "grade_raw": "甲(112)", "fee_monthly": 21000, "established": "108.01.15", "floor": "1樓", "area_m2": "91.66", "beds_approved": 25, "address": "桃園市龜山區樂善里23鄰文德二路106號1樓", "phone": "03-2712132", "vacancy": null, "available_from": null, "vacancy_source": "none", "vacancy_updated_at": null, "tycg_id": "102", "babycare_url": "https://babycare.tycg.gov.tw/#/org-detail/102", "hours": null, "night_care": false, "geo_precision": "official"}}, {"type": "Feature", "geometry": {"type": "Point", "coordinates": [121.3891904, 25.0415568]}, "properties": {"id": "ty-115", "name": "桃園市私立蘊愛托嬰中心", "type": "私立", "district": "龜山區", "quasi_public": true, "grade": "乙", "grade_year": "113", "grade_raw": "乙(113)", "fee_monthly": 20000, "established": "108.11.29", "floor": "1-2樓", "area_m2": "241.88", "beds_approved": 58, "address": "桃園市龜山區文青里30鄰文學路263號1-2樓", "phone": "03-3187138", "vacancy": null, "available_from": null, "vacancy_source": "none", "vacancy_updated_at": null, "tycg_id": "111", "babycare_url": "https://babycare.tycg.gov.tw/#/org-detail/111", "hours": null, "night_care": false, "geo_precision": "official"}}, {"type": "Feature", "geometry": {"type": "Point", "coordinates": [121.3330783, 24.9965754]}, "properties": {"id": "ty-116", "name": "桃園市私立中旭園托嬰中心", "type": "私立", "district": "龜山區", "quasi_public": true, "grade": null, "grade_year": null, "grade_raw": "尚未評鑑", "fee_monthly": 20520, "established": "111.1.20", "floor": "1樓", "area_m2": "204.84", "beds_approved": 49, "address": "桃園市龜山區陸光里6鄰自強西路226、228號1樓", "phone": "03-2133389", "vacancy": null, "available_from": null, "vacancy_source": "none", "vacancy_updated_at": null, "tycg_id": "50158", "babycare_url": "https://babycare.tycg.gov.tw/#/org-detail/50158", "hours": null, "night_care": false, "geo_precision": "official"}}, {"type": "Feature", "geometry": {"type": "Point", "coordinates": [121.3818126, 25.0491895]}, "properties": {"id": "ty-117", "name": "桃園市私立幸福日光華亞托嬰中心", "type": "私立", "district": "龜山區", "quasi_public": false, "grade": null, "grade_year": null, "grade_raw": "尚未評鑑", "fee_monthly": 23000, "established": "111.08.09", "floor": "2樓", "area_m2": "148.31", "beds_approved": 30, "address": "桃園市龜山區樂善里1鄰華亞三路39巷23號2樓", "phone": "03-3281555", "vacancy": null, "available_from": null, "vacancy_source": "none", "vacancy_updated_at": null, "tycg_id": "50181", "babycare_url": "https://babycare.tycg.gov.tw/#/org-detail/50181", "hours": null, "night_care": false, "geo_precision": "official"}}, {"type": "Feature", "geometry": {"type": "Point", "coordinates": [121.3844038, 25.0465158]}, "properties": {"id": "ty-118", "name": "桃園市私立艾兒思特托嬰中心", "type": "私立", "district": "龜山區", "quasi_public": true, "grade": null, "grade_year": null, "grade_raw": "尚未評鑑", "fee_monthly": 21000, "established": "111.12.07", "floor": "1-2樓", "area_m2": "90.25", "beds_approved": 25, "address": "桃園市龜山區樂善里1鄰樂善二路213號1-2樓", "phone": "03-3970099", "vacancy": null, "available_from": null, "vacancy_source": "none", "vacancy_updated_at": null, "tycg_id": "CW11112011", "babycare_url": "https://babycare.tycg.gov.tw/#/org-detail/CW11112011", "hours": "", "night_care": false, "geo_precision": "official"}}, {"type": "Feature", "geometry": {"type": "Point", "coordinates": [121.3634009, 25.0514209]}, "properties": {"id": "ty-119", "name": "桃園市私立童萌國托嬰中心", "type": "私立", "district": "龜山區", "quasi_public": true, "grade": null, "grade_year": null, "grade_raw": "尚未評鑑", "fee_monthly": 20000, "established": "112.1.31", "floor": "1-3樓", "area_m2": "184.89", "beds_approved": 38, "address": "桃園市龜山區大華里9鄰文化七路74號1-3樓", "phone": "03-3281618", "vacancy": null, "available_from": null, "vacancy_source": "none", "vacancy_updated_at": null, "tycg_id": "CW11202005", "babycare_url": "https://babycare.tycg.gov.tw/#/org-detail/CW11202005", "hours": "", "night_care": false, "geo_precision": "official"}}, {"type": "Feature", "geometry": {"type": "Point", "coordinates": [121.366602, 25.0541233]}, "properties": {"id": "ty-120", "name": "桃園市私立馨園托嬰中心", "type": "私立", "district": "龜山區", "quasi_public": true, "grade": null, "grade_year": null, "grade_raw": "尚未評鑑", "fee_monthly": 21000, "established": "113.09.02", "floor": "2樓", "area_m2": "254.16", "beds_approved": 70, "address": "桃園市龜山區大華里16鄰文化三路388號2樓", "phone": "03-3979291", "vacancy": null, "available_from": null, "vacancy_source": "none", "vacancy_updated_at": null, "tycg_id": "191", "babycare_url": "https://babycare.tycg.gov.tw/#/org-detail/191", "hours": "", "night_care": false, "geo_precision": "official"}}, {"type": "Feature", "geometry": {"type": "Point", "coordinates": [121.3658446, 25.0588518]}, "properties": {"id": "ty-121", "name": "桃園市私立好好托嬰中心", "type": "私立", "district": "龜山區", "quasi_public": true, "grade": null, "grade_year": null, "grade_raw": "尚未評鑑", "fee_monthly": 21000, "established": "113.09.18", "floor": "3樓", "area_m2": "193.28", "beds_approved": 55, "address": "桃園市龜山區公西里14鄰復興一路199號3樓之2", "phone": "03-3973193", "vacancy": null, "available_from": null, "vacancy_source": "none", "vacancy_updated_at": null, "tycg_id": "0144", "babycare_url": "https://babycare.tycg.gov.tw/#/org-detail/0144", "hours": "", "night_care": false, "geo_precision": "official"}}, {"type": "Feature", "geometry": {"type": "Point", "coordinates": [121.3850295, 25.047911]}, "properties": {"id": "ty-122", "name": "桃園市私立童萌國A7托嬰中心", "type": "私立", "district": "龜山區", "quasi_public": false, "grade": null, "grade_year": null, "grade_raw": "尚未評鑑", "fee_monthly": 21000, "established": "114.1.14", "floor": "2樓", "area_m2": "250.22", "beds_approved": 71, "address": "桃園市龜山區樂善里30鄰文化一路322、328號2樓", "phone": "03-3281018", "vacancy": null, "available_from": null, "vacancy_source": "none", "vacancy_updated_at": null, "tycg_id": "0145", "babycare_url": "https://babycare.tycg.gov.tw/#/org-detail/0145", "hours": "", "night_care": false, "geo_precision": "official"}}, {"type": "Feature", "geometry": {"type": "Point", "coordinates": [121.2971974, 25.0573118]}, "properties": {"id": "ty-123", "name": "桃園市私立宜禾托嬰中心", "type": "私立", "district": "蘆竹區", "quasi_public": true, "grade": "甲", "grade_year": "111", "grade_raw": "甲(111)", "fee_monthly": 20790, "established": "92.09.05", "floor": "1-3樓", "area_m2": "212.12", "beds_approved": 40, "address": "桃園市蘆竹區中山里11鄰中山路167號1-3樓、169號1樓", "phone": "03-3118222", "vacancy": null, "available_from": null, "vacancy_source": "none", "vacancy_updated_at": null, "tycg_id": "32", "babycare_url": "https://babycare.tycg.gov.tw/#/org-detail/32", "hours": null, "night_care": false, "geo_precision": "official"}}, {"type": "Feature", "geometry": {"type": "Point", "coordinates": [121.289711, 25.04933]}, "properties": {"id": "ty-124", "name": "桃園市私立育芯園托嬰中心", "type": "私立", "district": "蘆竹區", "quasi_public": true, "grade": "乙", "grade_year": "112", "grade_raw": "乙(112)", "fee_monthly": 20195, "established": "99.10.19", "floor": "2樓", "area_m2": "122.46", "beds_approved": 34, "address": "桃園市蘆竹區錦興里10鄰光明路二段251號2樓", "phone": "03-2706500", "vacancy": null, "available_from": null, "vacancy_source": "none", "vacancy_updated_at": null, "tycg_id": "36", "babycare_url": "https://babycare.tycg.gov.tw/#/org-detail/36", "hours": null, "night_care": false, "geo_precision": "official"}}, {"type": "Feature", "geometry": {"type": "Point", "coordinates": [121.3013209, 25.0513069]}, "properties": {"id": "ty-125", "name": "桃園市私立安娜寶貝托嬰中心", "type": "私立", "district": "蘆竹區", "quasi_public": true, "grade": "甲", "grade_year": "111", "grade_raw": "甲(111)", "fee_monthly": 21000, "established": "101.08.03", "floor": "2樓", "area_m2": "175.02", "beds_approved": 40, "address": "桃園市蘆竹區羊稠里10鄰中山路18之1號2樓", "phone": "03-2222825", "vacancy": null, "available_from": null, "vacancy_source": "none", "vacancy_updated_at": null, "tycg_id": "45", "babycare_url": "https://babycare.tycg.gov.tw/#/org-detail/45", "hours": null, "night_care": false, "geo_precision": "official"}}, {"type": "Feature", "geometry": {"type": "Point", "coordinates": [121.2886651, 25.046569]}, "properties": {"id": "ty-126", "name": "桃園市私立快樂托嬰中心", "type": "私立", "district": "蘆竹區", "quasi_public": false, "grade": "丙", "grade_year": "111", "grade_raw": "丙(111)\n113年複評通過", "fee_monthly": 18540, "established": "102.05.06", "floor": "1樓", "area_m2": "105.44", "beds_approved": 20, "address": "桃園市蘆竹區錦興里22鄰光復路146號1樓之 11", "phone": "03-3214819", "vacancy": null, "available_from": null, "vacancy_source": "none", "vacancy_updated_at": null, "tycg_id": "55", "babycare_url": "https://babycare.tycg.gov.tw/#/org-detail/55", "hours": null, "night_care": false, "geo_precision": "official"}}, {"type": "Feature", "geometry": {"type": "Point", "coordinates": [121.2920318, 25.0386242]}, "properties": {"id": "ty-127", "name": "桃園市私立愛芮絲托嬰中心", "type": "私立", "district": "蘆竹區", "quasi_public": true, "grade": "甲", "grade_year": "111", "grade_raw": "甲(111)", "fee_monthly": 20950, "established": "102.11.28", "floor": "1-2樓", "area_m2": "173.18", "beds_approved": 35, "address": "桃園市蘆竹區南興里2鄰南福街186巷37號1樓及1樓夾層", "phone": "03-3223049", "vacancy": null, "available_from": null, "vacancy_source": "none", "vacancy_updated_at": null, "tycg_id": "58", "babycare_url": "https://babycare.tycg.gov.tw/#/org-detail/58", "hours": null, "night_care": false, "geo_precision": "official"}}, {"type": "Feature", "geometry": {"type": "Point", "coordinates": [121.2918073, 25.0377243]}, "properties": {"id": "ty-128", "name": "桃園市私立璦瑪托嬰中心", "type": "私立", "district": "蘆竹區", "quasi_public": true, "grade": "甲", "grade_year": "111", "grade_raw": "甲(111)", "fee_monthly": 20837, "established": "102.12.23", "floor": "2樓", "area_m2": "211.72", "beds_approved": 40, "address": "桃園市蘆竹區福昌里16鄰奉化路229號2樓之1、2樓之2", "phone": "03-2221113", "vacancy": null, "available_from": null, "vacancy_source": "none", "vacancy_updated_at": null, "tycg_id": "60", "babycare_url": "https://babycare.tycg.gov.tw/#/org-detail/60", "hours": null, "night_care": false, "geo_precision": "official"}}, {"type": "Feature", "geometry": {"type": "Point", "coordinates": [121.2969306, 25.0543223]}, "properties": {"id": "ty-129", "name": "桃園市私立樂芙力托嬰中心", "type": "私立", "district": "蘆竹區", "quasi_public": true, "grade": "優", "grade_year": "111", "grade_raw": "優(111)", "fee_monthly": 20837, "established": "102.12.18", "floor": "1-2樓", "area_m2": "173.78", "beds_approved": 52, "address": "桃園市蘆竹區五福里5鄰福祿一街19巷2號1-2樓", "phone": "03-3125823", "vacancy": null, "available_from": null, "vacancy_source": "none", "vacancy_updated_at": null, "tycg_id": "61", "babycare_url": "https://babycare.tycg.gov.tw/#/org-detail/61", "hours": null, "night_care": false, "geo_precision": "official"}}, {"type": "Feature", "geometry": {"type": "Point", "coordinates": [121.2856638, 25.0419248]}, "properties": {"id": "ty-130", "name": "桃園市私立種籽玫瑰托嬰中心", "type": "私立", "district": "蘆竹區", "quasi_public": true, "grade": "甲", "grade_year": "111", "grade_raw": "甲(111)", "fee_monthly": 20948, "established": "103.05.29", "floor": "1樓", "area_m2": "142.74", "beds_approved": 40, "address": "桃園市蘆竹區南興里4鄰南順七街32巷2號1樓及32巷6號1樓", "phone": "03-3210179", "vacancy": null, "available_from": null, "vacancy_source": "none", "vacancy_updated_at": null, "tycg_id": "62", "babycare_url": "https://babycare.tycg.gov.tw/#/org-detail/62", "hours": null, "night_care": false, "geo_precision": "official"}}, {"type": "Feature", "geometry": {"type": "Point", "coordinates": [121.2868193, 25.0404628]}, "properties": {"id": "ty-131", "name": "桃園市私立小種籽托嬰中心", "type": "私立", "district": "蘆竹區", "quasi_public": true, "grade": "甲", "grade_year": "111", "grade_raw": "甲(111)", "fee_monthly": 20790, "established": "103.07.01", "floor": "1-2樓", "area_m2": "218.98", "beds_approved": 46, "address": "桃園市蘆竹區南興里4鄰奉化路66號1樓及68號2樓", "phone": "03-3117822", "vacancy": null, "available_from": null, "vacancy_source": "none", "vacancy_updated_at": null, "tycg_id": "64", "babycare_url": "https://babycare.tycg.gov.tw/#/org-detail/64", "hours": null, "night_care": false, "geo_precision": "official"}}, {"type": "Feature", "geometry": {"type": "Point", "coordinates": [121.2971122, 25.0560338]}, "properties": {"id": "ty-132", "name": "桃園市私立愛佑康托嬰中心", "type": "私立", "district": "蘆竹區", "quasi_public": true, "grade": "甲", "grade_year": "111", "grade_raw": "甲(111)", "fee_monthly": 18900, "established": "103.10.16", "floor": "1樓", "area_m2": "145.08", "beds_approved": 25, "address": "桃園市蘆竹區五福里18鄰中山路125巷22號1樓", "phone": "03-3122918", "vacancy": null, "available_from": null, "vacancy_source": "none", "vacancy_updated_at": null, "geo_precision": "exact"}}, {"type": "Feature", "geometry": {"type": "Point", "coordinates": [121.2569381, 25.024448]}, "properties": {"id": "ty-133", "name": "桃園市私立寶貝屋托嬰中心", "type": "私立", "district": "蘆竹區", "quasi_public": true, "grade": "甲", "grade_year": "111", "grade_raw": "甲(111)", "fee_monthly": 20000, "established": "104.03.13", "floor": "1-3樓", "area_m2": "126.38", "beds_approved": 27, "address": "桃園市蘆竹區大竹里6鄰新福街125號1-3樓", "phone": "03-3132820", "vacancy": null, "available_from": null, "vacancy_source": "none", "vacancy_updated_at": null, "tycg_id": "72", "babycare_url": "https://babycare.tycg.gov.tw/#/org-detail/72", "hours": null, "night_care": false, "geo_precision": "official"}}, {"type": "Feature", "geometry": {"type": "Point", "coordinates": [121.2947774, 25.0433687]}, "properties": {"id": "ty-134", "name": "桃園市私立南榮媽咪休息站托嬰中心", "type": "私立", "district": "蘆竹區", "quasi_public": true, "grade": "優", "grade_year": "111", "grade_raw": "優(111)", "fee_monthly": 20948, "established": "101.01.30", "floor": "3樓", "area_m2": "273", "beds_approved": 78, "address": "桃園市蘆竹區南崁里7鄰南華一街168號3樓", "phone": "03-2123727", "vacancy": null, "available_from": null, "vacancy_source": "none", "vacancy_updated_at": null, "tycg_id": "96", "babycare_url": "https://babycare.tycg.gov.tw/#/org-detail/96", "hours": null, "night_care": false, "geo_precision": "official"}}, {"type": "Feature", "geometry": {"type": "Point", "coordinates": [121.290998, 25.0474226]}, "properties": {"id": "ty-135", "name": "桃園市私立健寶托嬰中心", "type": "私立", "district": "蘆竹區", "quasi_public": false, "grade": "丙", "grade_year": "112", "grade_raw": "丙(112)\n113年複評通過", "fee_monthly": 20000, "established": "108.1.23", "floor": "2樓", "area_m2": "141.86", "beds_approved": 40, "address": "桃園市蘆竹區興榮里13鄰中正路301號2樓之1", "phone": "03-3528338", "vacancy": null, "available_from": null, "vacancy_source": "none", "vacancy_updated_at": null, "tycg_id": "104", "babycare_url": "https://babycare.tycg.gov.tw/#/org-detail/104", "hours": null, "night_care": false, "geo_precision": "official"}}, {"type": "Feature", "geometry": {"type": "Point", "coordinates": [121.2569002, 25.0213297]}, "properties": {"id": "ty-136", "name": "桃園市私立愛寶托嬰中心", "type": "私立", "district": "蘆竹區", "quasi_public": true, "grade": "甲", "grade_year": "112", "grade_raw": "甲(112)", "fee_monthly": 19950, "established": "109.01.10", "floor": "1-2樓", "area_m2": "87.53", "beds_approved": 25, "address": "桃園市蘆竹區大竹里16鄰大新一街118巷17號1-2樓", "phone": "03-3132022", "vacancy": null, "available_from": null, "vacancy_source": "none", "vacancy_updated_at": null, "tycg_id": "112", "babycare_url": "https://babycare.tycg.gov.tw/#/org-detail/112", "hours": null, "night_care": false, "geo_precision": "official"}}, {"type": "Feature", "geometry": {"type": "Point", "coordinates": [121.289711, 25.04933]}, "properties": {"id": "ty-137", "name": "桃園市私立育芯園二館托嬰中心", "type": "私立", "district": "蘆竹區", "quasi_public": true, "grade": "甲", "grade_year": "112", "grade_raw": "甲(112)", "fee_monthly": 21000, "established": "109.09.04", "floor": "3樓", "area_m2": "149.91", "beds_approved": 40, "address": "桃園市蘆竹區錦興里12鄰光明路二段251號3樓", "phone": "03-2716540", "vacancy": null, "available_from": null, "vacancy_source": "none", "vacancy_updated_at": null, "tycg_id": "121", "babycare_url": "https://babycare.tycg.gov.tw/#/org-detail/121", "hours": null, "night_care": false, "geo_precision": "official"}}, {"type": "Feature", "geometry": {"type": "Point", "coordinates": [121.2584563, 25.0198336]}, "properties": {"id": "ty-138", "name": "桃園市私立恩典托嬰中心", "type": "私立", "district": "蘆竹區", "quasi_public": true, "grade": null, "grade_year": null, "grade_raw": "尚未評鑑", "fee_monthly": 19000, "established": "111.07.20", "floor": "1樓", "area_m2": "218.53", "beds_approved": 49, "address": "桃園市蘆竹區中興里1鄰豪登一街11號1樓", "phone": "03-3230679", "vacancy": null, "available_from": null, "vacancy_source": "none", "vacancy_updated_at": null, "tycg_id": "50177", "babycare_url": "https://babycare.tycg.gov.tw/#/org-detail/50177", "hours": null, "night_care": false, "geo_precision": "official"}}, {"type": "Feature", "geometry": {"type": "Point", "coordinates": [121.289926, 25.04946]}, "properties": {"id": "ty-139", "name": "桃園市私立愛佑康右右托嬰中心", "type": "私立", "district": "蘆竹區", "quasi_public": true, "grade": null, "grade_year": null, "grade_raw": "尚未評鑑", "fee_monthly": 20000, "established": "112.06.19", "floor": "1樓", "area_m2": "259.21", "beds_approved": 49, "address": "桃園市蘆竹區錦興里12鄰光明路二段257號1-3樓", "phone": "03-3122818", "vacancy": null, "available_from": null, "vacancy_source": "none", "vacancy_updated_at": null, "tycg_id": "120*", "babycare_url": "https://babycare.tycg.gov.tw/#/org-detail/120*", "hours": "", "night_care": false, "geo_precision": "official"}}, {"type": "Feature", "geometry": {"type": "Point", "coordinates": [121.2917822, 25.0401761]}, "properties": {"id": "ty-140", "name": "桃園市私立春天托嬰中心", "type": "私立", "district": "蘆竹區", "quasi_public": true, "grade": null, "grade_year": null, "grade_raw": "尚未評鑑", "fee_monthly": 20000, "established": "113.01.24", "floor": "1樓", "area_m2": "126.01", "beds_approved": 27, "address": "桃園市蘆竹區南興里5鄰南昌路263號1樓", "phone": "03-3212133", "vacancy": null, "available_from": null, "vacancy_source": "none", "vacancy_updated_at": null, "tycg_id": "11301241130019813", "babycare_url": "https://babycare.tycg.gov.tw/#/org-detail/11301241130019813", "hours": "", "night_care": false, "geo_precision": "official"}}, {"type": "Feature", "geometry": {"type": "Point", "coordinates": [121.29805, 25.055945]}, "properties": {"id": "ty-141", "name": "桃園市私立童樂熊托嬰中心", "type": "私立", "district": "蘆竹區", "quasi_public": true, "grade": null, "grade_year": null, "grade_raw": "尚未評鑑", "fee_monthly": 20000, "established": "113.02.23", "floor": "1樓", "area_m2": "148.5", "beds_approved": 28, "address": "桃園市蘆竹區中山里7鄰中山路121號2樓", "phone": "03-2220609", "vacancy": null, "available_from": null, "vacancy_source": "none", "vacancy_updated_at": null, "tycg_id": "1130045991", "babycare_url": "https://babycare.tycg.gov.tw/#/org-detail/1130045991", "hours": "", "night_care": false, "geo_precision": "official"}}, {"type": "Feature", "geometry": {"type": "Point", "coordinates": [121.2925872, 25.049484]}, "properties": {"id": "ty-142", "name": "桃園市私立貝比城堡托嬰中心", "type": "私立", "district": "蘆竹區", "quasi_public": true, "grade": null, "grade_year": null, "grade_raw": "尚未評鑑", "fee_monthly": 20000, "established": "113.05.30", "floor": "1樓", "area_m2": "241.45", "beds_approved": 68, "address": "桃園市蘆竹區錦中里17鄰南崁路265號3樓", "phone": "03-3522767", "vacancy": null, "available_from": null, "vacancy_source": "none", "vacancy_updated_at": null, "tycg_id": "0000236", "babycare_url": "https://babycare.tycg.gov.tw/#/org-detail/0000236", "hours": "", "night_care": false, "geo_precision": "official"}}, {"type": "Feature", "geometry": {"type": "Point", "coordinates": [121.2598464, 25.0147308]}, "properties": {"id": "ty-143", "name": "桃園市私立辰星托嬰中心", "type": "私立", "district": "蘆竹區", "quasi_public": true, "grade": null, "grade_year": null, "grade_raw": "尚未評鑑", "fee_monthly": 20000, "established": "113.09.26", "floor": "1-2樓", "area_m2": "181.74", "beds_approved": 30, "address": "桃園市蘆竹區中興里12鄰大興路371號1-2樓", "phone": "03-3239169", "vacancy": null, "available_from": null, "vacancy_source": "none", "vacancy_updated_at": null, "tycg_id": "1130926", "babycare_url": "https://babycare.tycg.gov.tw/#/org-detail/1130926", "hours": "", "night_care": false, "geo_precision": "official"}}, {"type": "Feature", "geometry": {"type": "Point", "coordinates": [121.1356824, 25.0413581]}, "properties": {"id": "ty-144", "name": "桃園市私立心茵托嬰中心", "type": "私立", "district": "觀音區", "quasi_public": true, "grade": "甲", "grade_year": "113", "grade_raw": "甲(113)", "fee_monthly": 19580, "established": "98.02.02", "floor": "1-3樓", "area_m2": "150.74", "beds_approved": 20, "address": "桃園市觀音區草漯村六合二街126號1-3樓", "phone": "03-4160807", "vacancy": null, "available_from": null, "vacancy_source": "none", "vacancy_updated_at": null, "tycg_id": "44", "babycare_url": "https://babycare.tycg.gov.tw/#/org-detail/44", "hours": null, "night_care": false, "geo_precision": "official"}}, {"type": "Feature", "geometry": {"type": "Point", "coordinates": [121.2984849, 24.9420357]}, "properties": {"id": "ty-145", "name": "公設民營八德瑞泰托嬰中心", "type": "公設民營", "district": "八德區", "quasi_public": true, "grade": "優", "grade_year": "112", "grade_raw": "優(112)", "fee_monthly": 9000, "established": "108.10.18", "floor": "2樓", "area_m2": "504.01", "beds_approved": 50, "address": "桃園市八德區瑞泰里介壽路二段583巷14號2樓", "phone": "03-3689929", "vacancy": null, "available_from": null, "vacancy_source": "none", "vacancy_updated_at": null, "tycg_id": "9", "babycare_url": "https://babycare.tycg.gov.tw/#/org-detail/9", "hours": "07:30-18:00", "night_care": false, "waiting_count": 20, "waiting_year": "115", "waiting_fetched": "2026-08-07", "geo_precision": "official"}}, {"type": "Feature", "geometry": {"type": "Point", "coordinates": [121.2856762, 24.9293914]}, "properties": {"id": "ty-146", "name": "公設民營八德托嬰中心", "type": "公設民營", "district": "八德區", "quasi_public": true, "grade": "甲", "grade_year": "113", "grade_raw": "甲(113)", "fee_monthly": 9000, "established": "109.8.7", "floor": "1樓", "area_m2": "211.88", "beds_approved": 50, "address": "桃園市八德區興仁里4鄰興豐路287號1樓", "phone": "03-3731105", "vacancy": null, "available_from": null, "vacancy_source": "none", "vacancy_updated_at": null, "tycg_id": "12", "babycare_url": "https://babycare.tycg.gov.tw/#/org-detail/12", "hours": null, "night_care": false, "waiting_count": 69, "waiting_year": "115", "waiting_fetched": "2026-08-07", "geo_precision": "official"}}, {"type": "Feature", "geometry": {"type": "Point", "coordinates": [121.2941255, 24.9596866]}, "properties": {"id": "ty-147", "name": "公設民營八德大湳托嬰中心", "type": "公設民營", "district": "八德區", "quasi_public": true, "grade": "優", "grade_year": "113", "grade_raw": "優(113)", "fee_monthly": 9000, "established": "111.4.18", "floor": "2樓", "area_m2": "374.04", "beds_approved": 40, "address": "桃園市八德區廣隆里22鄰廣福路216號2樓", "phone": "03-3630208", "vacancy": null, "available_from": null, "vacancy_source": "none", "vacancy_updated_at": null, "tycg_id": "50169", "babycare_url": "https://babycare.tycg.gov.tw/#/org-detail/50169", "hours": "07：30 至 18：00", "night_care": false, "waiting_count": 73, "waiting_year": "115", "waiting_fetched": "2026-08-07", "geo_precision": "official"}}, {"type": "Feature", "geometry": {"type": "Point", "coordinates": [121.2813361, 24.9329064]}, "properties": {"id": "ty-148", "name": "公設民營八德北青托嬰中心", "type": "公設民營", "district": "八德區", "quasi_public": true, "grade": null, "grade_year": null, "grade_raw": "尚未評鑑", "fee_monthly": 9000, "established": "112.2.24", "floor": "2樓", "area_m2": "307.2", "beds_approved": 80, "address": "桃園市八德區福興里建德路358號2樓", "phone": "03-3653066", "vacancy": null, "available_from": null, "vacancy_source": "none", "vacancy_updated_at": null, "tycg_id": "CW11203016", "babycare_url": "https://babycare.tycg.gov.tw/#/org-detail/CW11203016", "hours": "上課時間：7:30-18:00", "night_care": false, "waiting_count": 112, "waiting_year": "115", "waiting_fetched": "2026-08-07", "geo_precision": "official"}}, {"type": "Feature", "geometry": {"type": "Point", "coordinates": [121.1954442, 25.0634033]}, "properties": {"id": "ty-149", "name": "公設民營大園托嬰中心", "type": "公設民營", "district": "大園區", "quasi_public": true, "grade": "優", "grade_year": "112", "grade_raw": "優(112)", "fee_monthly": 9000, "established": "104.10.5", "floor": "3樓", "area_m2": "221.54", "beds_approved": 30, "address": "桃園市大園區田心里9鄰中正西路19號3樓", "phone": "03-3843866", "vacancy": null, "available_from": null, "vacancy_source": "none", "vacancy_updated_at": null, "tycg_id": "3", "babycare_url": "https://babycare.tycg.gov.tw/#/org-detail/3", "hours": "收托時間：周一至周五 7:30-18:00", "night_care": false, "waiting_count": 73, "waiting_year": "115", "waiting_fetched": "2026-08-07", "geo_precision": "official"}}, {"type": "Feature", "geometry": {"type": "Point", "coordinates": [121.2641117, 24.9021734]}, "properties": {"id": "ty-150", "name": "公設民營大溪托嬰中心", "type": "公設民營", "district": "大溪區", "quasi_public": true, "grade": "甲", "grade_year": "111", "grade_raw": "甲(111)", "fee_monthly": 9000, "established": "108.10.09", "floor": "2樓", "area_m2": "426.17", "beds_approved": 50, "address": "桃園市大溪區南興里永昌路80號", "phone": "03-3809903", "vacancy": null, "available_from": null, "vacancy_source": "none", "vacancy_updated_at": null, "tycg_id": "8", "babycare_url": "https://babycare.tycg.gov.tw/#/org-detail/8", "hours": "07:30~18:00", "night_care": false, "waiting_count": 65, "waiting_year": "115", "waiting_fetched": "2026-08-07", "geo_precision": "official"}}, {"type": "Feature", "geometry": {"type": "Point", "coordinates": [121.2279671, 24.9598236]}, "properties": {"id": "ty-151", "name": "公設民營中壢托嬰中心", "type": "公設民營", "district": "中壢區", "quasi_public": true, "grade": "優", "grade_year": "112", "grade_raw": "優(112)", "fee_monthly": 9000, "established": "103.11.27", "floor": "3樓", "area_m2": "641", "beds_approved": 75, "address": "桃園市中壢區中央里元化路159號2至3樓", "phone": "03-4252578", "vacancy": null, "available_from": null, "vacancy_source": "none", "vacancy_updated_at": null, "tycg_id": "2", "babycare_url": "https://babycare.tycg.gov.tw/#/org-detail/2", "hours": "周一~周五", "night_care": false, "waiting_count": 44, "waiting_year": "115", "waiting_fetched": "2026-08-07", "geo_precision": "official"}}, {"type": "Feature", "geometry": {"type": "Point", "coordinates": [121.2161481, 24.9563206]}, "properties": {"id": "ty-152", "name": "公設民營中壢新明托嬰中心", "type": "公設民營", "district": "中壢區", "quasi_public": true, "grade": "甲", "grade_year": "111", "grade_raw": "甲(111)", "fee_monthly": 9000, "established": "108.12.25", "floor": "3樓", "area_m2": "454.8", "beds_approved": 60, "address": "桃園市中壢區舊明里明德路60號3樓", "phone": "03-4920131", "vacancy": null, "available_from": null, "vacancy_source": "none", "vacancy_updated_at": null, "geo_precision": "exact"}}, {"type": "Feature", "geometry": {"type": "Point", "coordinates": [121.1637672, 24.9613473]}, "properties": {"id": "ty-153", "name": "公設民營中壢過嶺托嬰中心", "type": "公設民營", "district": "中壢區", "quasi_public": true, "grade": "優", "grade_year": "112", "grade_raw": "優(112)", "fee_monthly": 9000, "established": "110.4.6", "floor": "3樓", "area_m2": "201.1", "beds_approved": 30, "address": "桃園市中壢區過嶺里19鄰松勇二街61號3樓", "phone": "03-4201320", "vacancy": null, "available_from": null, "vacancy_source": "none", "vacancy_updated_at": null, "tycg_id": "143", "babycare_url": "https://babycare.tycg.gov.tw/#/org-detail/143", "hours": "週一至週五，上午7:30-下午7:00", "night_care": false, "waiting_count": 114, "waiting_year": "115", "waiting_fetched": "2026-08-07", "geo_precision": "official"}}, {"type": "Feature", "geometry": {"type": "Point", "coordinates": [121.2507264, 24.9760568]}, "properties": {"id": "ty-154", "name": "公設民營中壢內壢托嬰中心", "type": "公設民營", "district": "中壢區", "quasi_public": true, "grade": "優", "grade_year": "113", "grade_raw": "優(113)", "fee_monthly": 9000, "established": "111.3.17", "floor": "3樓", "area_m2": "643.12", "beds_approved": 65, "address": "桃園市中壢區復興里33鄰文化二路219號3樓", "phone": "03-4353219", "vacancy": null, "available_from": null, "vacancy_source": "none", "vacancy_updated_at": null, "tycg_id": "50167", "babycare_url": "https://babycare.tycg.gov.tw/#/org-detail/50167", "hours": "7:30-19:30", "night_care": false, "waiting_count": 89, "waiting_year": "115", "waiting_fetched": "2026-08-07", "geo_precision": "official"}}, {"type": "Feature", "geometry": {"type": "Point", "coordinates": [121.2551123, 24.9355274]}, "properties": {"id": "ty-155", "name": "公設民營中壢龍福托嬰中心", "type": "公設民營", "district": "中壢區", "quasi_public": true, "grade": "甲", "grade_year": "113", "grade_raw": "甲(113)", "fee_monthly": 9000, "established": "111.6.2", "floor": "3樓", "area_m2": "458.47", "beds_approved": 50, "address": "桃園市中壢區龍昌里15鄰中山東路四段26-1號3樓", "phone": "03-4366008", "vacancy": null, "available_from": null, "vacancy_source": "none", "vacancy_updated_at": null, "tycg_id": "50173", "babycare_url": "https://babycare.tycg.gov.tw/#/org-detail/50173", "hours": "7:30-19:00", "night_care": false, "waiting_count": 75, "waiting_year": "115", "waiting_fetched": "2026-08-07", "geo_precision": "official"}}, {"type": "Feature", "geometry": {"type": "Point", "coordinates": [121.2272895, 24.9641868]}, "properties": {"id": "ty-156", "name": "公設民營中壢新街金華托嬰中心", "type": "公設民營", "district": "中壢區", "quasi_public": true, "grade": "優", "grade_year": "113", "grade_raw": "優(113)", "fee_monthly": 9000, "established": "111.7.29", "floor": "1樓", "area_m2": "438.35", "beds_approved": 45, "address": "桃園市中壢區新街里15鄰七和一街31號1樓", "phone": "03-4527368", "vacancy": null, "available_from": null, "vacancy_source": "none", "vacancy_updated_at": null, "tycg_id": "50180", "babycare_url": "https://babycare.tycg.gov.tw/#/org-detail/50180", "hours": "7:30~18:00", "night_care": false, "waiting_count": 53, "waiting_year": "115", "waiting_fetched": "2026-08-07", "geo_precision": "official"}}, {"type": "Feature", "geometry": {"type": "Point", "coordinates": [121.2616131, 24.9617283]}, "properties": {"id": "ty-157", "name": "公設民營中壢中正托嬰中心", "type": "公設民營", "district": "中壢區", "quasi_public": true, "grade": "優", "grade_year": "111", "grade_raw": "優(111)", "fee_monthly": 9000, "established": "108.7.25", "floor": "1樓", "area_m2": "250.92", "beds_approved": 20, "address": "桃園市中壢區中山里榮民路396號1樓", "phone": "03-4610902", "vacancy": null, "available_from": null, "vacancy_source": "none", "vacancy_updated_at": null, "tycg_id": "15", "babycare_url": "https://babycare.tycg.gov.tw/#/org-detail/15", "hours": "9:00-18:00", "night_care": false, "waiting_count": 42, "waiting_year": "115", "waiting_fetched": "2026-08-07", "geo_precision": "official"}}, {"type": "Feature", "geometry": {"type": "Point", "coordinates": [121.2386621, 24.9540583]}, "properties": {"id": "ty-158", "name": "公設民營中壢普仁托嬰中心", "type": "公設民營", "district": "中壢區", "quasi_public": true, "grade": "甲", "grade_year": "111", "grade_raw": "甲(111)", "fee_monthly": 9000, "established": "109.06.15", "floor": "1樓", "area_m2": "115.11", "beds_approved": 15, "address": "桃園市中壢區普仁里日新路20號2樓", "phone": "03-4161303", "vacancy": null, "available_from": null, "vacancy_source": "none", "vacancy_updated_at": null, "tycg_id": "21", "babycare_url": "https://babycare.tycg.gov.tw/#/org-detail/21", "hours": null, "night_care": false, "waiting_count": 20, "waiting_year": "115", "waiting_fetched": "2026-08-07", "geo_precision": "official"}}, {"type": "Feature", "geometry": {"type": "Point", "coordinates": [121.2252159, 24.9499161]}, "properties": {"id": "ty-159", "name": "公設民營中壢東興托嬰中心", "type": "公設民營", "district": "中壢區", "quasi_public": true, "grade": "乙", "grade_year": "112", "grade_raw": "乙(112)", "fee_monthly": 9000, "established": "110.7.12", "floor": "3樓", "area_m2": "158", "beds_approved": 15, "address": "桃園市中壢區東興里中北路二段76巷10號3樓", "phone": "03-4592755", "vacancy": null, "available_from": null, "vacancy_source": "none", "vacancy_updated_at": null, "tycg_id": "30143", "babycare_url": "https://babycare.tycg.gov.tw/#/org-detail/30143", "hours": "週一至週五", "night_care": false, "waiting_count": 5, "waiting_year": "115", "waiting_fetched": "2026-08-07", "geo_precision": "official"}}, {"type": "Feature", "geometry": {"type": "Point", "coordinates": [121.2136329, 24.9395562]}, "properties": {"id": "ty-160", "name": "公設民營平鎮托嬰中心", "type": "公設民營", "district": "平鎮區", "quasi_public": true, "grade": "優", "grade_year": "112", "grade_raw": "優(112)", "fee_monthly": 9000, "established": "110.9.27", "floor": "3樓", "area_m2": "314.79", "beds_approved": 65, "address": "桃園市平鎮區新英里8鄰新富五街62號3樓", "phone": "03-4585509", "vacancy": null, "available_from": null, "vacancy_source": "none", "vacancy_updated_at": null, "tycg_id": "40150", "babycare_url": "https://babycare.tycg.gov.tw/#/org-detail/40150", "hours": "7:30~18:00", "night_care": false, "waiting_count": 70, "waiting_year": "115", "waiting_fetched": "2026-08-07", "geo_precision": "official"}}, {"type": "Feature", "geometry": {"type": "Point", "coordinates": [121.2038084, 24.9484404]}, "properties": {"id": "ty-161", "name": "公設民營平鎮義民托嬰中心", "type": "公設民營", "district": "平鎮區", "quasi_public": true, "grade": null, "grade_year": null, "grade_raw": "尚未評鑑", "fee_monthly": 9000, "established": "113.3.28", "floor": "3樓", "area_m2": "168.25", "beds_approved": 50, "address": "桃園市平鎮區復旦路2段115號3樓", "phone": "03-4913889", "vacancy": null, "available_from": null, "vacancy_source": "none", "vacancy_updated_at": null, "tycg_id": "CW11304001", "babycare_url": "https://babycare.tycg.gov.tw/#/org-detail/CW11304001", "hours": "07:30-18:00", "night_care": false, "waiting_count": 90, "waiting_year": "115", "waiting_fetched": "2026-08-07", "geo_precision": "official"}}, {"type": "Feature", "geometry": {"type": "Point", "coordinates": [121.2971903, 24.9993193]}, "properties": {"id": "ty-162", "name": "公設民營桃園托嬰中心", "type": "公設民營", "district": "桃園區", "quasi_public": true, "grade": "優", "grade_year": "111", "grade_raw": "優(111)", "fee_monthly": 9000, "established": "108.12.19", "floor": "1樓", "area_m2": "465.73", "beds_approved": 50, "address": "桃園市桃園區中成里17鄰力行路306號1樓", "phone": "03-3398321", "vacancy": null, "available_from": null, "vacancy_source": "none", "vacancy_updated_at": null, "tycg_id": "10", "babycare_url": "https://babycare.tycg.gov.tw/#/org-detail/10", "hours": "上課時間：7:30-18:00", "night_care": false, "waiting_count": 216, "waiting_year": "115", "waiting_fetched": "2026-08-07", "geo_precision": "official"}}, {"type": "Feature", "geometry": {"type": "Point", "coordinates": [121.305873, 24.989146]}, "properties": {"id": "ty-163", "name": "公設民營桃園復興托嬰中心", "type": "公設民營", "district": "桃園區", "quasi_public": true, "grade": null, "grade_year": null, "grade_raw": "尚未評鑑", "fee_monthly": 9000, "established": "112.10.31", "floor": "3樓", "area_m2": "416.56", "beds_approved": 50, "address": "桃園市桃園區南門里復興路297號3樓", "phone": "03-3350950", "vacancy": null, "available_from": null, "vacancy_source": "none", "vacancy_updated_at": null, "tycg_id": "CW11211001", "babycare_url": "https://babycare.tycg.gov.tw/#/org-detail/CW11211001", "hours": "7:30-18:00", "night_care": false, "waiting_count": 67, "waiting_year": "115", "waiting_fetched": "2026-08-07", "geo_precision": "official"}}, {"type": "Feature", "geometry": {"type": "Point", "coordinates": [121.3208426, 25.0124218]}, "properties": {"id": "ty-164", "name": "公設民營桃園民富托嬰中心", "type": "公設民營", "district": "桃園區", "quasi_public": true, "grade": null, "grade_year": null, "grade_raw": "尚未評鑑", "fee_monthly": 9000, "established": "113.2.29", "floor": "3樓", "area_m2": "383.86", "beds_approved": 40, "address": "桃園市桃園區大有里18鄰民有十街216號3樓", "phone": "03-3580518", "vacancy": null, "available_from": null, "vacancy_source": "none", "vacancy_updated_at": null, "tycg_id": "C46", "babycare_url": "https://babycare.tycg.gov.tw/#/org-detail/C46", "hours": "7:30~18:00", "night_care": false, "waiting_count": 58, "waiting_year": "115", "waiting_fetched": "2026-08-07", "geo_precision": "official"}}, {"type": "Feature", "geometry": {"type": "Point", "coordinates": [121.2874059043794, 25.007834185504365]}, "properties": {"id": "ty-165", "name": "公設民營桃園崇法托嬰中心", "type": "公設民營", "district": "桃園區", "quasi_public": true, "grade": null, "grade_year": null, "grade_raw": "尚未評鑑", "fee_monthly": 9000, "established": "113.3.5", "floor": "3樓", "area_m2": "252.2", "beds_approved": 50, "address": "桃園市桃園區中埔里6鄰崇法街58號3樓", "phone": "03-2150588", "vacancy": null, "available_from": null, "vacancy_source": "none", "vacancy_updated_at": null, "tycg_id": "C47", "babycare_url": "https://babycare.tycg.gov.tw/#/org-detail/C47", "hours": "7:30~18:00", "night_care": false, "waiting_count": 94, "waiting_year": "115", "waiting_fetched": "2026-08-07", "geo_precision": "official"}}, {"type": "Feature", "geometry": {"type": "Point", "coordinates": [121.298073, 25.003726]}, "properties": {"id": "ty-166", "name": "公設民營桃園慈文托嬰中心", "type": "公設民營", "district": "桃園區", "quasi_public": true, "grade": "甲", "grade_year": "111", "grade_raw": "甲(111)", "fee_monthly": 9000, "established": "108.6.19", "floor": "2樓", "area_m2": "229.55", "beds_approved": 20, "address": "桃園市桃園區慈文里1鄰慈文路412號2樓", "phone": "03-3586250", "vacancy": null, "available_from": null, "vacancy_source": "none", "vacancy_updated_at": null, "tycg_id": "14", "babycare_url": "https://babycare.tycg.gov.tw/#/org-detail/14", "hours": "週一至週五8:00-18:00", "night_care": false, "waiting_count": 90, "waiting_year": "115", "waiting_fetched": "2026-08-07", "geo_precision": "official"}}, {"type": "Feature", "geometry": {"type": "Point", "coordinates": [121.3152904, 24.9944936]}, "properties": {"id": "ty-167", "name": "公設民營桃園東門托嬰中心", "type": "公設民營", "district": "桃園區", "quasi_public": true, "grade": "優", "grade_year": "112", "grade_raw": "優(112)", "fee_monthly": 9000, "established": "110.12.14", "floor": "1樓", "area_m2": "138.6", "beds_approved": 20, "address": "桃園市桃園區東門里9鄰東國街14號1樓", "phone": "03-3327823", "vacancy": null, "available_from": null, "vacancy_source": "none", "vacancy_updated_at": null, "tycg_id": "40165", "babycare_url": "https://babycare.tycg.gov.tw/#/org-detail/40165", "hours": "星期一~星期五早上7：30~18：00", "night_care": false, "waiting_count": 67, "waiting_year": "115", "waiting_fetched": "2026-08-07", "geo_precision": "official"}}, {"type": "Feature", "geometry": {"type": "Point", "coordinates": [121.1051402, 24.9725821]}, "properties": {"id": "ty-168", "name": "公設民營新屋托嬰中心", "type": "公設民營", "district": "新屋區", "quasi_public": true, "grade": "優", "grade_year": "112", "grade_raw": "優(112)", "fee_monthly": 9000, "established": "107.3.14", "floor": "2樓", "area_m2": "420", "beds_approved": 28, "address": "桃園市新屋區中山路269號2樓", "phone": "03-4971720", "vacancy": null, "available_from": null, "vacancy_source": "none", "vacancy_updated_at": null, "tycg_id": "4", "babycare_url": "https://babycare.tycg.gov.tw/#/org-detail/4", "hours": "平日07:30~19:00", "night_care": false, "waiting_count": 73, "waiting_year": "115", "waiting_fetched": "2026-08-07", "geo_precision": "official"}}, {"type": "Feature", "geometry": {"type": "Point", "coordinates": [121.1444587, 24.9128508]}, "properties": {"id": "ty-169", "name": "公設民營楊梅托嬰中心", "type": "公設民營", "district": "楊梅區", "quasi_public": true, "grade": "優", "grade_year": "112", "grade_raw": "優(112)", "fee_monthly": 9000, "established": "107.11.16", "floor": "3樓", "area_m2": "242.56", "beds_approved": 50, "address": "桃園市楊梅區楊梅里5鄰大模街10號3樓", "phone": "03-4881662", "vacancy": null, "available_from": null, "vacancy_source": "none", "vacancy_updated_at": null, "tycg_id": "7", "babycare_url": "https://babycare.tycg.gov.tw/#/org-detail/7", "hours": "週一至週五 07：30-18：00", "night_care": false, "waiting_count": 85, "waiting_year": "115", "waiting_fetched": "2026-08-07", "geo_precision": "official"}}, {"type": "Feature", "geometry": {"type": "Point", "coordinates": [121.1863423, 24.9144334]}, "properties": {"id": "ty-170", "name": "公設民營楊梅埔心托嬰中心", "type": "公設民營", "district": "楊梅區", "quasi_public": true, "grade": null, "grade_year": null, "grade_raw": "尚未評鑑", "fee_monthly": 9000, "established": "113.1.31", "floor": "2樓", "area_m2": "483.48", "beds_approved": 60, "address": "桃園市楊梅區金龍里26鄰中興路238號2樓之2", "phone": "03-4820248", "vacancy": null, "available_from": null, "vacancy_source": "none", "vacancy_updated_at": null, "tycg_id": "c45", "babycare_url": "https://babycare.tycg.gov.tw/#/org-detail/c45", "hours": "週一至週五07：30 - 18：00 ；來電時間09：00 - 17：00 ", "night_care": false, "waiting_count": 56, "waiting_year": "115", "waiting_fetched": "2026-08-07", "geo_precision": "official"}}, {"type": "Feature", "geometry": {"type": "Point", "coordinates": [121.1807003, 24.9124314]}, "properties": {"id": "ty-171", "name": "公設民營楊梅四維托嬰中心", "type": "公設民營", "district": "楊梅區", "quasi_public": true, "grade": null, "grade_year": null, "grade_raw": "尚未評鑑", "fee_monthly": 9000, "established": "113.11.26", "floor": "2樓", "area_m2": "252.75", "beds_approved": 36, "address": "桃園市楊梅區四維里28鄰四維二路108號2樓之1", "phone": "03-4810236/\n03-4810239", "vacancy": null, "available_from": null, "vacancy_source": "none", "vacancy_updated_at": null, "tycg_id": "A54", "babycare_url": "https://babycare.tycg.gov.tw/#/org-detail/A54", "hours": "週一至周五07:30-18:00", "night_care": false, "waiting_count": 72, "waiting_year": "115", "waiting_fetched": "2026-08-07", "geo_precision": "official"}}, {"type": "Feature", "geometry": {"type": "Point", "coordinates": [121.330412, 24.9950417]}, "properties": {"id": "ty-172", "name": "公設民營龜山托嬰中心", "type": "公設民營", "district": "龜山區", "quasi_public": true, "grade": "優", "grade_year": "112", "grade_raw": "優(112)", "fee_monthly": 9000, "established": "103.1.23", "floor": "1樓", "area_m2": "232.61", "beds_approved": 45, "address": "桃園市龜山區陸光村同心二路17號", "phone": "03-2133366/\n03-2133377", "vacancy": null, "available_from": null, "vacancy_source": "none", "vacancy_updated_at": null, "tycg_id": "1", "babycare_url": "https://babycare.tycg.gov.tw/#/org-detail/1", "hours": "周一~周五，7:30-18:00", "night_care": false, "waiting_count": 87, "waiting_year": "115", "waiting_fetched": "2026-08-07", "geo_precision": "official"}}, {"type": "Feature", "geometry": {"type": "Point", "coordinates": [121.3590659, 25.0565185]}, "properties": {"id": "ty-173", "name": "公設民營龜山大崗托嬰中心", "type": "公設民營", "district": "龜山區", "quasi_public": true, "grade": "甲", "grade_year": "111", "grade_raw": "甲(111)", "fee_monthly": 9000, "established": "109.12.31", "floor": "2樓", "area_m2": "75.46", "beds_approved": 15, "address": "桃園市龜山區大湖一路175號2樓", "phone": "03-3277983", "vacancy": null, "available_from": null, "vacancy_source": "none", "vacancy_updated_at": null, "tycg_id": "125", "babycare_url": "https://babycare.tycg.gov.tw/#/org-detail/125", "hours": "週一~週五，07:30-18:30", "night_care": false, "waiting_count": 104, "waiting_year": "115", "waiting_fetched": "2026-08-07", "geo_precision": "official"}}, {"type": "Feature", "geometry": {"type": "Point", "coordinates": [121.2911122, 25.051281]}, "properties": {"id": "ty-174", "name": "公設民營蘆竹托嬰中心", "type": "公設民營", "district": "蘆竹區", "quasi_public": true, "grade": "甲", "grade_year": "112", "grade_raw": "甲(112)", "fee_monthly": 9000, "established": "107.3.31", "floor": "3樓", "area_m2": "139.29", "beds_approved": 55, "address": "桃園市蘆竹區錦中里南崁路348巷18號3樓", "phone": "03-2123266", "vacancy": null, "available_from": null, "vacancy_source": "none", "vacancy_updated_at": null, "tycg_id": "5", "babycare_url": "https://babycare.tycg.gov.tw/#/org-detail/5", "hours": "【收托】週一～週五 07：30～18：00(依人事行政局規定)【登記】週一～週五 09：00～16：00", "night_care": false, "waiting_count": 57, "waiting_year": "115", "waiting_fetched": "2026-08-07", "geo_precision": "official"}}, {"type": "Feature", "geometry": {"type": "Point", "coordinates": [121.261883, 25.0142504]}, "properties": {"id": "ty-175", "name": "公設民營蘆竹興仁托嬰中心", "type": "公設民營", "district": "蘆竹區", "quasi_public": true, "grade": "甲", "grade_year": "111", "grade_raw": "甲(111)", "fee_monthly": 9000, "established": "110.2.2", "floor": "3樓", "area_m2": "519.39", "beds_approved": 60, "address": "桃園市蘆竹區中興里14鄰興仁路330號3樓", "phone": "03-3235687", "vacancy": null, "available_from": null, "vacancy_source": "none", "vacancy_updated_at": null, "tycg_id": "140", "babycare_url": "https://babycare.tycg.gov.tw/#/org-detail/140", "hours": "周一至周五7:30-18:00", "night_care": false, "waiting_count": 43, "waiting_year": "115", "waiting_fetched": "2026-08-07", "geo_precision": "official"}}, {"type": "Feature", "geometry": {"type": "Point", "coordinates": [121.2683636, 25.1025543]}, "properties": {"id": "ty-176", "name": "公設民營蘆竹海湖托嬰中心", "type": "公設民營", "district": "蘆竹區", "quasi_public": true, "grade": "甲", "grade_year": "111", "grade_raw": "甲(111)", "fee_monthly": 9000, "established": "109.8.4", "floor": "2樓", "area_m2": "182.78", "beds_approved": 20, "address": "桃園市蘆竹區海湖李海湖東路217號2樓", "phone": "03-3543866", "vacancy": null, "available_from": null, "vacancy_source": "none", "vacancy_updated_at": null, "tycg_id": "22", "babycare_url": "https://babycare.tycg.gov.tw/#/org-detail/22", "hours": "周一至周五 07:30~18:00", "night_care": false, "waiting_count": 7, "waiting_year": "115", "waiting_fetched": "2026-08-07", "geo_precision": "official"}}, {"type": "Feature", "geometry": {"type": "Point", "coordinates": [121.2934141, 25.0507236]}, "properties": {"id": "ty-177", "name": "公設民營蘆竹仁愛托嬰中心", "type": "公設民營", "district": "蘆竹區", "quasi_public": true, "grade": "優", "grade_year": "111", "grade_raw": "優(111)", "fee_monthly": 9000, "established": "109.9.30", "floor": "1樓", "area_m2": "109.38", "beds_approved": 20, "address": "桃園市蘆竹區瓦窯里仁愛路一段2號1樓", "phone": "03-2225733", "vacancy": null, "available_from": null, "vacancy_source": "none", "vacancy_updated_at": null, "tycg_id": "23", "babycare_url": "https://babycare.tycg.gov.tw/#/org-detail/23", "hours": "7:30~18:00", "night_care": false, "waiting_count": 61, "waiting_year": "115", "waiting_fetched": "2026-08-07", "geo_precision": "official"}}, {"type": "Feature", "geometry": {"type": "Point", "coordinates": [121.0828183, 25.0353997]}, "properties": {"id": "ty-178", "name": "公設民營觀音托嬰中心", "type": "公設民營", "district": "觀音區", "quasi_public": true, "grade": "甲", "grade_year": "112", "grade_raw": "甲(112)", "fee_monthly": 9000, "established": "107.7.24", "floor": "3樓", "area_m2": "211.1", "beds_approved": 65, "address": "桃園市觀音區文化路2號3樓", "phone": "03-4732791", "vacancy": null, "available_from": null, "vacancy_source": "none", "vacancy_updated_at": null, "tycg_id": "6", "babycare_url": "https://babycare.tycg.gov.tw/#/org-detail/6", "hours": "07：30-18：00", "night_care": false, "waiting_count": 63, "waiting_year": "115", "waiting_fetched": "2026-08-07", "geo_precision": "official"}}, {"type": "Feature", "geometry": {"type": "Point", "coordinates": [121.1390197, 25.0372308]}, "properties": {"id": "ty-179", "name": "公設民營觀音草新富林托嬰中心", "type": "公設民營", "district": "觀音區", "quasi_public": true, "grade": "甲", "grade_year": "112", "grade_raw": "甲(112)", "fee_monthly": 9000, "established": "110.7.28", "floor": "1樓", "area_m2": "254.84", "beds_approved": 60, "address": "桃園市觀音區富林里15鄰一心路180號1樓", "phone": "03-4838541", "vacancy": null, "available_from": null, "vacancy_source": "none", "vacancy_updated_at": null, "tycg_id": "30146", "babycare_url": "https://babycare.tycg.gov.tw/#/org-detail/30146", "hours": "週一至週五早上7:30-18:00", "night_care": false, "waiting_count": 109, "waiting_year": "115", "waiting_fetched": "2026-08-07", "geo_precision": "official"}}, {"type": "Feature", "geometry": {"type": "Point", "coordinates": [121.1354452, 25.0449204]}, "properties": {"id": "ty-180", "name": "公設民營觀音草漯托嬰中心", "type": "公設民營", "district": "觀音區", "quasi_public": true, "grade": null, "grade_year": null, "grade_raw": "尚未評鑑", "fee_monthly": 9000, "established": "113.10.11", "floor": "2樓", "area_m2": "519.4", "beds_approved": 45, "address": "桃園市觀音區草漯里16鄰莊敬路186號2樓", "phone": "03-4839709", "vacancy": null, "available_from": null, "vacancy_source": "none", "vacancy_updated_at": null, "tycg_id": "NO 49", "babycare_url": "https://babycare.tycg.gov.tw/#/org-detail/NO 49", "hours": "週一至週五上午7時30分至下午6時00分", "night_care": false, "waiting_count": 127, "waiting_year": "115", "waiting_fetched": "2026-08-07", "geo_precision": "official"}}, {"type": "Feature", "geometry": {"type": "Point", "coordinates": [121.2019584, 24.8734995]}, "properties": {"id": "ty-181", "name": "公設民營龍潭八德托嬰中心", "type": "公設民營", "district": "龍潭區", "quasi_public": true, "grade": "優", "grade_year": "111", "grade_raw": "優(111)", "fee_monthly": 9000, "established": "109.04.29", "floor": "2樓", "area_m2": "155.11", "beds_approved": 15, "address": "桃園市龍潭區八德里梅龍路2號2樓", "phone": "03-4802208", "vacancy": null, "available_from": null, "vacancy_source": "none", "vacancy_updated_at": null, "tycg_id": "19", "babycare_url": "https://babycare.tycg.gov.tw/#/org-detail/19", "hours": "07:30-18:00", "night_care": false, "waiting_count": 40, "waiting_year": "115", "waiting_fetched": "2026-08-07", "geo_precision": "official"}}, {"type": "Feature", "geometry": {"type": "Point", "coordinates": [121.1933578, 25.0661726]}, "properties": {"id": "ty-182", "name": "公設民營大園田心社區公共托育家園", "type": "公設民營", "district": "大園區", "quasi_public": true, "grade": "優", "grade_year": "111", "grade_raw": "優(111)", "fee_monthly": 9000, "established": "108.12.18", "floor": "1樓", "area_m2": "97.99", "beds_approved": 12, "address": "桃園市大園區田心里1鄰大觀路118號2樓", "phone": "03-3858810", "vacancy": null, "available_from": null, "vacancy_source": "none", "vacancy_updated_at": null, "tycg_id": "18", "babycare_url": "https://babycare.tycg.gov.tw/#/org-detail/18", "hours": "07:30-18:00", "night_care": false, "geo_precision": "official"}}, {"type": "Feature", "geometry": {"type": "Point", "coordinates": [121.2685156, 24.8855853]}, "properties": {"id": "ty-183", "name": "公設民營大溪員樹林社區公共托育家園", "type": "公設民營", "district": "大溪區", "quasi_public": true, "grade": "優", "grade_year": "112", "grade_raw": "優(112)", "fee_monthly": 9000, "established": "110.11.22", "floor": "1樓", "area_m2": "119.77", "beds_approved": 12, "address": "桃園市大溪區員林里5鄰員林路二段336巷20號", "phone": "03-3806137", "vacancy": null, "available_from": null, "vacancy_source": "none", "vacancy_updated_at": null, "tycg_id": "40155", "babycare_url": "https://babycare.tycg.gov.tw/#/org-detail/40155", "hours": "07:30-18:00", "night_care": false, "geo_precision": "official"}}, {"type": "Feature", "geometry": {"type": "Point", "coordinates": [121.2149601, 24.9052005]}, "properties": {"id": "ty-184", "name": "公設民營平鎮莊敬社區公共托育家園", "type": "公設民營", "district": "平鎮區", "quasi_public": true, "grade": "甲", "grade_year": "111", "grade_raw": "甲(111)", "fee_monthly": 9000, "established": "108.10.15", "floor": "2樓", "area_m2": "111.53", "beds_approved": 12, "address": "桃園市平鎮區莊敬里26鄰自強街100號2樓", "phone": "03-4693548", "vacancy": null, "available_from": null, "vacancy_source": "none", "vacancy_updated_at": null, "tycg_id": "16", "babycare_url": "https://babycare.tycg.gov.tw/#/org-detail/16", "hours": null, "night_care": false, "geo_precision": "official"}}, {"type": "Feature", "geometry": {"type": "Point", "coordinates": [121.2092878, 24.9497679]}, "properties": {"id": "ty-185", "name": "公設民營平鎮義興社區公共托育家園", "type": "公設民營", "district": "平鎮區", "quasi_public": true, "grade": "甲", "grade_year": "111", "grade_raw": "甲(111)", "fee_monthly": 9000, "established": "108.10.15", "floor": "1樓", "area_m2": "97.35", "beds_approved": 12, "address": "桃園市平鎮區義興里11鄰義興街80號2樓", "phone": "03-4953528", "vacancy": null, "available_from": null, "vacancy_source": "none", "vacancy_updated_at": null, "tycg_id": "17", "babycare_url": "https://babycare.tycg.gov.tw/#/org-detail/17", "hours": "7:30-18:00", "night_care": false, "geo_precision": "official"}}, {"type": "Feature", "geometry": {"type": "Point", "coordinates": [121.2497061, 24.9165393]}, "properties": {"id": "ty-186", "name": "公設民營平鎮東安社區公共托育家園", "type": "公設民營", "district": "平鎮區", "quasi_public": true, "grade": "甲", "grade_year": "111", "grade_raw": "甲(111)", "fee_monthly": 9000, "established": "109.05.13", "floor": "1樓", "area_m2": "170.94", "beds_approved": 12, "address": "桃園市平鎮區東安里平東路168號1樓", "phone": "03-4600313", "vacancy": null, "available_from": null, "vacancy_source": "none", "vacancy_updated_at": null, "tycg_id": "20", "babycare_url": "https://babycare.tycg.gov.tw/#/org-detail/20", "hours": "7:30-18:00", "night_care": false, "geo_precision": "official"}}, {"type": "Feature", "geometry": {"type": "Point", "coordinates": [121.3043617, 24.9953096]}, "properties": {"id": "ty-187", "name": "公設民營桃園西門社區公共托育家園", "type": "公設民營", "district": "桃園區", "quasi_public": true, "grade": "優", "grade_year": "111", "grade_raw": "優(111)", "fee_monthly": 9000, "established": "108.3.25", "floor": "1樓", "area_m2": "131.4", "beds_approved": 12, "address": "桃園市桃園區西門里012鄰莒光街15號", "phone": "03-3336825", "vacancy": null, "available_from": null, "vacancy_source": "none", "vacancy_updated_at": null, "tycg_id": "13", "babycare_url": "https://babycare.tycg.gov.tw/#/org-detail/13", "hours": "7:30-18:00", "night_care": false, "geo_precision": "official"}}, {"type": "Feature", "geometry": {"type": "Point", "coordinates": [121.2922408, 24.9961607]}, "properties": {"id": "ty-188", "name": "公設民營桃園文山社區公共托育家園", "type": "公設民營", "district": "桃園區", "quasi_public": true, "grade": "甲", "grade_year": "112", "grade_raw": "甲(112)", "fee_monthly": 9000, "established": "110.5.11", "floor": "1樓", "area_m2": "86.05", "beds_approved": 12, "address": "桃園市桃園區文中里３鄰文中路120號1樓", "phone": "03-3609702", "vacancy": null, "available_from": null, "vacancy_source": "none", "vacancy_updated_at": null, "tycg_id": "10141", "babycare_url": "https://babycare.tycg.gov.tw/#/org-detail/10141", "hours": "7：30至18：00", "night_care": false, "geo_precision": "official"}}, {"type": "Feature", "geometry": {"type": "Point", "coordinates": [121.3087067, 25.0042923]}, "properties": {"id": "ty-189", "name": "公設民營桃園北門社區公共托育家園", "type": "公設民營", "district": "桃園區", "quasi_public": true, "grade": "甲", "grade_year": "113", "grade_raw": "甲(113)", "fee_monthly": 9000, "established": "111.3.14", "floor": "2樓", "area_m2": "153.12", "beds_approved": 12, "address": "桃園市桃園區北門里11鄰民生路549巷1號2樓", "phone": "03-3390209", "vacancy": null, "available_from": null, "vacancy_source": "none", "vacancy_updated_at": null, "tycg_id": "50166", "babycare_url": "https://babycare.tycg.gov.tw/#/org-detail/50166", "hours": "7:30-18:00 ", "night_care": false, "geo_precision": "official"}}, {"type": "Feature", "geometry": {"type": "Point", "coordinates": [121.1506247, 24.9032174]}, "properties": {"id": "ty-190", "name": "公設民營楊梅永寧社區公共托育家園", "type": "公設民營", "district": "楊梅區", "quasi_public": true, "grade": "甲", "grade_year": "112", "grade_raw": "甲(112)", "fee_monthly": 9000, "established": "110.4.21", "floor": "1樓", "area_m2": "97.62", "beds_approved": 12, "address": "桃園市楊梅區貴山街1號1樓", "phone": "03-4752668", "vacancy": null, "available_from": null, "vacancy_source": "none", "vacancy_updated_at": null, "tycg_id": "148", "babycare_url": "https://babycare.tycg.gov.tw/#/org-detail/148", "hours": "週一至週五 07：30-18：00", "night_care": false, "geo_precision": "official"}}, {"type": "Feature", "geometry": {"type": "Point", "coordinates": [121.2182778, 24.8694427]}, "properties": {"id": "ty-191", "name": "公設民營龍潭中山社區公共托育家園", "type": "公設民營", "district": "龍潭區", "quasi_public": true, "grade": null, "grade_year": null, "grade_raw": "尚未評鑑", "fee_monthly": 9000, "established": "112.9.27", "floor": "1樓", "area_m2": "160", "beds_approved": 12, "address": "桃園市龍潭潭區中山里4鄰公園路56號", "phone": "03-4990949", "vacancy": null, "available_from": null, "vacancy_source": "none", "vacancy_updated_at": null, "tycg_id": "CW11210004", "babycare_url": "https://babycare.tycg.gov.tw/#/org-detail/CW11210004", "hours": "週一至週五；上午 7 時 30 分至下午 6 時。", "night_care": false, "geo_precision": "official"}}, {"type": "Feature", "geometry": {"type": "Point", "coordinates": [121.3386717, 24.992193]}, "properties": {"id": "ty-192", "name": "公設民營龜山新興社區公共托育家園", "type": "公設民營", "district": "龜山區", "quasi_public": true, "grade": "甲", "grade_year": "112", "grade_raw": "甲(112)", "fee_monthly": 9000, "established": "110.7.23", "floor": "2樓", "area_m2": "78.7", "beds_approved": 12, "address": "桃園市龜山區新興里自強南路97號2樓", "phone": "03-3203373", "vacancy": null, "available_from": null, "vacancy_source": "none", "vacancy_updated_at": null, "tycg_id": "30144", "babycare_url": "https://babycare.tycg.gov.tw/#/org-detail/30144", "hours": "週一至週五 上午07:30至下午18:00", "night_care": false, "geo_precision": "official"}}, {"type": "Feature", "geometry": {"type": "Point", "coordinates": [121.264192, 25.0306837]}, "properties": {"id": "ty-193", "name": "公設民營蘆竹富竹社區公共托育家園", "type": "公設民營", "district": "蘆竹區", "quasi_public": true, "grade": "甲", "grade_year": "112", "grade_raw": "甲(112)", "fee_monthly": 9000, "established": "110.5.31", "floor": "2樓", "area_m2": "115.9", "beds_approved": 12, "address": "桃園市蘆竹區富竹里8鄰富竹街109號2樓", "phone": "03-3132775", "vacancy": null, "available_from": null, "vacancy_source": "none", "vacancy_updated_at": null, "tycg_id": "20145", "babycare_url": "https://babycare.tycg.gov.tw/#/org-detail/20145", "hours": null, "night_care": false, "geo_precision": "official"}}, {"type": "Feature", "geometry": {"type": "Point", "coordinates": [121.3971291, 24.6855255]}, "properties": {"id": "ty-194", "name": "公設民營復興巴陵社區公共托育家園暨育兒資源站", "type": "公設民營", "district": "復興區", "quasi_public": true, "grade": null, "grade_year": null, "grade_raw": "尚未評鑑", "fee_monthly": 5500, "established": "112.9.12", "floor": "3稜", "area_m2": "83.72", "beds_approved": 12, "address": "桃園市復興區華陵里7鄰巴崚23號3樓之1", "phone": "03-3912886", "vacancy": null, "available_from": null, "vacancy_source": "none", "vacancy_updated_at": null, "tycg_id": "CW11209010", "babycare_url": "https://babycare.tycg.gov.tw/#/org-detail/CW11209010", "hours": "上午7點30分至傍晚6點00分", "night_care": false, "geo_precision": "official"}}]}